/*
 Navicat Premium Data Transfer

 Source Server         : localhost
 Source Server Type    : MySQL
 Source Server Version : 50723
 Source Host           : localhost:3306
 Source Schema         : nathanielmcmahon

 Target Server Type    : MySQL
 Target Server Version : 50723
 File Encoding         : 65001

 Date: 03/09/2018 14:06:13
*/

SET NAMES utf8mb4;
SET FOREIGN_KEY_CHECKS = 0;

-- ----------------------------
-- Table structure for migrations
-- ----------------------------
DROP TABLE IF EXISTS `migrations`;
CREATE TABLE `migrations`  (
  `id` int(10) UNSIGNED NOT NULL AUTO_INCREMENT,
  `migration` varchar(255) CHARACTER SET utf8mb4 COLLATE utf8mb4_unicode_ci NOT NULL,
  `batch` int(11) NOT NULL,
  PRIMARY KEY (`id`) USING BTREE
) ENGINE = InnoDB AUTO_INCREMENT = 145 CHARACTER SET = utf8mb4 COLLATE = utf8mb4_unicode_ci ROW_FORMAT = Dynamic;

-- ----------------------------
-- Records of migrations
-- ----------------------------
INSERT INTO `migrations` VALUES (139, '2014_10_12_000000_create_users_table', 1);
INSERT INTO `migrations` VALUES (140, '2014_10_12_100000_create_password_resets_table', 1);
INSERT INTO `migrations` VALUES (141, '2018_08_23_104353_create_projects_table', 1);
INSERT INTO `migrations` VALUES (142, '2018_08_23_104434_create_photos_table', 1);
INSERT INTO `migrations` VALUES (143, '2018_08_23_104517_create_tags_table', 1);
INSERT INTO `migrations` VALUES (144, '2018_08_23_113554_create_project_tag_table', 1);

-- ----------------------------
-- Table structure for password_resets
-- ----------------------------
DROP TABLE IF EXISTS `password_resets`;
CREATE TABLE `password_resets`  (
  `email` varchar(255) CHARACTER SET utf8mb4 COLLATE utf8mb4_unicode_ci NOT NULL,
  `token` varchar(255) CHARACTER SET utf8mb4 COLLATE utf8mb4_unicode_ci NOT NULL,
  `created_at` timestamp(0) NULL DEFAULT NULL,
  INDEX `password_resets_email_index`(`email`) USING BTREE
) ENGINE = InnoDB CHARACTER SET = utf8mb4 COLLATE = utf8mb4_unicode_ci ROW_FORMAT = Dynamic;

-- ----------------------------
-- Table structure for photos
-- ----------------------------
DROP TABLE IF EXISTS `photos`;
CREATE TABLE `photos`  (
  `id` int(10) UNSIGNED NOT NULL AUTO_INCREMENT,
  `project_id` int(10) UNSIGNED NOT NULL,
  `filename` varchar(255) CHARACTER SET utf8mb4 COLLATE utf8mb4_unicode_ci NOT NULL,
  `slider` tinyint(1) NOT NULL DEFAULT 0,
  `portfolio` tinyint(1) NOT NULL DEFAULT 0,
  `created_at` timestamp(0) NULL DEFAULT NULL,
  `updated_at` timestamp(0) NULL DEFAULT NULL,
  PRIMARY KEY (`id`) USING BTREE,
  INDEX `photos_project_id_index`(`project_id`) USING BTREE,
  CONSTRAINT `photos_project_id_foreign` FOREIGN KEY (`project_id`) REFERENCES `projects` (`id`) ON DELETE CASCADE ON UPDATE RESTRICT
) ENGINE = InnoDB AUTO_INCREMENT = 659 CHARACTER SET = utf8mb4 COLLATE = utf8mb4_unicode_ci ROW_FORMAT = Dynamic;

-- ----------------------------
-- Records of photos
-- ----------------------------
INSERT INTO `photos` VALUES (1, 1, '2cd6c10215906a69a536474caeb68cbe.jpg', 0, 0, '2018-08-28 17:15:28', '2018-08-28 17:15:28');
INSERT INTO `photos` VALUES (2, 1, '0dbce79803a979f42edace53a0668bc3.jpg', 0, 0, '2018-08-28 17:15:28', '2018-08-28 17:15:28');
INSERT INTO `photos` VALUES (3, 1, '06a60161b11bd23931726e164af81ffa.jpg', 0, 0, '2018-08-28 17:15:28', '2018-08-28 17:15:28');
INSERT INTO `photos` VALUES (4, 1, '9b5c94add3b25fa8c5d1c309e2c05447.jpg', 0, 0, '2018-08-28 17:15:29', '2018-08-28 17:15:29');
INSERT INTO `photos` VALUES (5, 1, '277a469bae3290be28a855133f2eb2bd.jpg', 0, 0, '2018-08-28 17:15:29', '2018-08-28 17:15:29');
INSERT INTO `photos` VALUES (6, 1, 'af28e1d0ded5764ae4c9090cb4ef5113.jpg', 0, 1, '2018-08-28 17:15:29', '2018-08-28 17:39:21');
INSERT INTO `photos` VALUES (7, 1, 'ca6e6cd15bfe9cab7be3db9fc4fe2ac0.jpg', 0, 0, '2018-08-28 17:15:29', '2018-08-28 17:15:29');
INSERT INTO `photos` VALUES (8, 1, 'd9cdb97c96d286551de5d567c807ec09.jpg', 0, 0, '2018-08-28 17:15:29', '2018-08-28 17:15:29');
INSERT INTO `photos` VALUES (9, 2, '1c873673d45c7e71776a62cd7dcdd446.jpg', 0, 0, '2018-08-28 17:15:40', '2018-08-28 17:15:40');
INSERT INTO `photos` VALUES (10, 2, '0d2b56ed7c802413ce30920cc9eb81c2.jpg', 0, 0, '2018-08-28 17:15:40', '2018-08-28 17:15:40');
INSERT INTO `photos` VALUES (11, 2, '3e9247b78a4d8875c6f459c90d408a30.jpg', 0, 0, '2018-08-28 17:15:40', '2018-08-28 17:15:40');
INSERT INTO `photos` VALUES (12, 2, '05f250f99e398d03d4837c06f1f7d188.jpg', 0, 0, '2018-08-28 17:15:40', '2018-08-28 17:15:40');
INSERT INTO `photos` VALUES (13, 2, '6bc6e32cade1fb04b56b8028918bce7d.jpg', 0, 0, '2018-08-28 17:15:40', '2018-08-28 17:15:40');
INSERT INTO `photos` VALUES (14, 2, '77a294b336b68f8c512e89cefbfdf3c0.jpg', 0, 0, '2018-08-28 17:15:40', '2018-08-28 17:15:40');
INSERT INTO `photos` VALUES (15, 2, '27c81965bf61874a65c8dd104e557615.jpg', 0, 0, '2018-08-28 17:15:40', '2018-08-28 17:15:40');
INSERT INTO `photos` VALUES (16, 2, '7265c1ec75131c4575e35dbf4bdb4e83.jpg', 0, 0, '2018-08-28 17:15:40', '2018-08-28 17:15:40');
INSERT INTO `photos` VALUES (17, 2, '808f4c6ee8ef1e0ad24cee5b840ed837.jpg', 0, 0, '2018-08-28 17:15:40', '2018-08-28 17:15:40');
INSERT INTO `photos` VALUES (18, 2, '75473a6429d0b5230254430771f0a582.jpg', 0, 0, '2018-08-28 17:15:40', '2018-08-28 17:15:40');
INSERT INTO `photos` VALUES (19, 2, '80825f8de9e1554094a0cca773866bf5.jpg', 0, 0, '2018-08-28 17:15:40', '2018-08-28 17:15:40');
INSERT INTO `photos` VALUES (20, 2, 'a516dbae3ca32eb5590b0d60a845f906.jpg', 0, 0, '2018-08-28 17:15:40', '2018-08-28 17:15:40');
INSERT INTO `photos` VALUES (21, 2, 'e20cc32b0330182a8f4de6e4dfa1bf21.jpg', 0, 0, '2018-08-28 17:15:40', '2018-08-28 17:15:40');
INSERT INTO `photos` VALUES (22, 3, '033d066f8857cf6020fe2ab512411079.jpg', 0, 0, '2018-08-28 17:15:51', '2018-08-28 17:15:51');
INSERT INTO `photos` VALUES (23, 3, '817aecffa7d1b044ff1a7e136e58503a.jpg', 0, 0, '2018-08-28 17:15:51', '2018-08-28 17:15:51');
INSERT INTO `photos` VALUES (24, 3, '974a780c9493e2471c099b983aad7ffb.jpg', 0, 0, '2018-08-28 17:15:52', '2018-08-28 17:15:52');
INSERT INTO `photos` VALUES (25, 3, 'b6e80f91c1979d1409b9f6bba2e08834.jpg', 0, 0, '2018-08-28 17:15:52', '2018-08-28 17:15:52');
INSERT INTO `photos` VALUES (26, 3, 'ebc03f881a9d967061a097ef8c6ae72f.jpg', 0, 0, '2018-08-28 17:15:52', '2018-08-28 17:15:52');
INSERT INTO `photos` VALUES (27, 3, 'f86348972e1c507abe929c5c47351a52.jpg', 0, 0, '2018-08-28 17:15:52', '2018-08-28 17:15:52');
INSERT INTO `photos` VALUES (28, 4, '3d47eed8c57cce1834c89030d7c3ff88.jpg', 0, 0, '2018-08-28 17:16:04', '2018-08-28 17:16:04');
INSERT INTO `photos` VALUES (29, 4, '8c63f5af4782178ad6b0f0a89e6cb29c.jpg', 0, 0, '2018-08-28 17:16:04', '2018-08-28 17:16:04');
INSERT INTO `photos` VALUES (30, 4, '9f9cb1a49a4a3db9b232535be46eab8c.jpg', 0, 0, '2018-08-28 17:16:04', '2018-08-28 17:16:04');
INSERT INTO `photos` VALUES (31, 4, '24acbcfc46dab65a8fecd18909b4ce3f.jpg', 0, 0, '2018-08-28 17:16:04', '2018-08-28 17:16:04');
INSERT INTO `photos` VALUES (32, 4, '32cfe8968564c5f7a5d2819da6ffd2c6.jpg', 0, 0, '2018-08-28 17:16:05', '2018-08-28 17:16:05');
INSERT INTO `photos` VALUES (33, 4, '79a434f3deb8d837c160f36d3247e307.jpg', 0, 0, '2018-08-28 17:16:05', '2018-08-28 17:16:05');
INSERT INTO `photos` VALUES (34, 4, '89aed5c6faa5057148fa9f6ecc1ac373.jpg', 0, 0, '2018-08-28 17:16:05', '2018-08-28 17:16:05');
INSERT INTO `photos` VALUES (35, 4, '404c9196fd51254545204a4711189a5d.jpg', 0, 0, '2018-08-28 17:16:05', '2018-08-28 17:16:05');
INSERT INTO `photos` VALUES (36, 4, '831c5b459a1346655e7a3d6399f037e2.jpg', 0, 0, '2018-08-28 17:16:05', '2018-08-28 17:16:05');
INSERT INTO `photos` VALUES (37, 4, '7038c1691c8429af81e5ec7dc98a997b.jpg', 0, 0, '2018-08-28 17:16:05', '2018-08-28 17:16:05');
INSERT INTO `photos` VALUES (38, 4, '7316da3eddae1009dbd3edd297822bb5.jpg', 0, 0, '2018-08-28 17:16:05', '2018-08-28 17:16:05');
INSERT INTO `photos` VALUES (39, 4, 'a5b288b13aa595cfdbbf5515ae770bf2.jpg', 0, 0, '2018-08-28 17:16:06', '2018-08-28 17:16:06');
INSERT INTO `photos` VALUES (40, 4, 'c8f01cb1270ad0552bae1f4980020fcb.jpg', 0, 0, '2018-08-28 17:16:06', '2018-08-28 17:16:06');
INSERT INTO `photos` VALUES (41, 4, 'c42c5081c820f15813f3cfac9445f6cb.jpg', 0, 0, '2018-08-28 17:16:06', '2018-08-28 17:16:06');
INSERT INTO `photos` VALUES (42, 4, 'e596a677bb4137352ea0c0a6d4d76c12.jpg', 0, 0, '2018-08-28 17:16:06', '2018-08-28 17:16:06');
INSERT INTO `photos` VALUES (43, 5, '6f7849850df11a9596f53fbbea41d780.jpg', 0, 1, '2018-08-28 17:16:23', '2018-08-28 17:43:07');
INSERT INTO `photos` VALUES (44, 5, '3448c740825cfbadc550fe486073a67a.jpg', 0, 0, '2018-08-28 17:16:23', '2018-08-28 17:16:23');
INSERT INTO `photos` VALUES (45, 5, '31251806b28cb2f6f2a70f7b16f9adfa.jpg', 0, 0, '2018-08-28 17:16:23', '2018-08-28 17:16:23');
INSERT INTO `photos` VALUES (46, 5, 'cf272fe50fdb60c0743a6ffd46c0c877.jpg', 0, 0, '2018-08-28 17:16:23', '2018-08-28 17:16:23');
INSERT INTO `photos` VALUES (47, 6, '3cb795146fdaebc3e15da609f8e3083d.jpg', 1, 0, '2018-08-28 17:16:37', '2018-08-28 17:45:48');
INSERT INTO `photos` VALUES (48, 6, '4caa15d71ba2e48e34effa19dfc7c108.jpg', 0, 0, '2018-08-28 17:16:37', '2018-08-28 17:16:37');
INSERT INTO `photos` VALUES (49, 6, '5de36122683cd10bff2688a84e9b66c8.jpg', 0, 0, '2018-08-28 17:16:37', '2018-08-28 17:16:37');
INSERT INTO `photos` VALUES (50, 6, '7ccf31c7904ac6aae4684fb37eadab26.jpg', 0, 0, '2018-08-28 17:16:37', '2018-08-28 17:16:37');
INSERT INTO `photos` VALUES (51, 6, '8c63ce977cb55e968250ceb437e7e49a.jpg', 0, 0, '2018-08-28 17:16:37', '2018-08-28 17:16:37');
INSERT INTO `photos` VALUES (52, 6, '99a6c547f6b4521ebefcaaccd0e9f22d.jpg', 0, 0, '2018-08-28 17:16:37', '2018-08-28 17:16:37');
INSERT INTO `photos` VALUES (53, 6, '852f387a31d189c8c10f3bde3800bba8.jpg', 0, 0, '2018-08-28 17:16:37', '2018-08-28 17:16:37');
INSERT INTO `photos` VALUES (54, 6, '3330d5f55204cbfc145964cc37a3005f.jpg', 0, 0, '2018-08-28 17:16:38', '2018-08-28 17:16:38');
INSERT INTO `photos` VALUES (55, 6, '9795ffc4dc0cb59404b18806c6387ce6.jpg', 0, 0, '2018-08-28 17:16:38', '2018-08-28 17:16:38');
INSERT INTO `photos` VALUES (56, 6, '2835916e83ddf13e0b7544e4c91ca791.jpg', 0, 0, '2018-08-28 17:16:38', '2018-08-28 17:16:38');
INSERT INTO `photos` VALUES (57, 6, 'b129b5a5387e4fdd51db092d93d4de47.jpg', 0, 0, '2018-08-28 17:16:38', '2018-08-28 17:16:38');
INSERT INTO `photos` VALUES (58, 6, 'bd97fdcdd7c21ae173ee5dcb5034c154.jpg', 0, 0, '2018-08-28 17:16:38', '2018-08-28 17:16:38');
INSERT INTO `photos` VALUES (59, 6, 'c2addceb6bfc7e3217f2a0dce5736422.jpg', 0, 0, '2018-08-28 17:16:38', '2018-08-28 17:16:38');
INSERT INTO `photos` VALUES (60, 6, 'c74da8659c081a1fb383bf9ffc65b54d.jpg', 0, 0, '2018-08-28 17:16:38', '2018-08-28 17:16:38');
INSERT INTO `photos` VALUES (61, 6, 'c1901e596ec493b7897d22f648c11817.jpg', 0, 0, '2018-08-28 17:16:38', '2018-08-28 17:16:38');
INSERT INTO `photos` VALUES (62, 6, 'cf3bb04443e42ce9aa5eea2cc3785d85.jpg', 0, 0, '2018-08-28 17:16:38', '2018-08-28 17:16:38');
INSERT INTO `photos` VALUES (63, 7, '3ec50295a13bca8af5647bfa3d0f5eab.jpg', 0, 0, '2018-08-28 17:16:54', '2018-08-28 17:16:54');
INSERT INTO `photos` VALUES (64, 7, '4a92a5fa544e2628cad390467a29f9ec.jpg', 0, 0, '2018-08-28 17:16:54', '2018-08-28 17:16:54');
INSERT INTO `photos` VALUES (65, 7, '95b1667f914e34deae8364a6cee96c1c.jpg', 0, 0, '2018-08-28 17:16:54', '2018-08-28 17:16:54');
INSERT INTO `photos` VALUES (66, 7, 'b723f85c3a6c0e008529986636ee2aa3.jpg', 0, 0, '2018-08-28 17:16:54', '2018-08-28 17:16:54');
INSERT INTO `photos` VALUES (67, 7, 'c1a2eaf84c909c451f9386a35a39a50e.jpg', 0, 0, '2018-08-28 17:16:54', '2018-08-28 17:16:54');
INSERT INTO `photos` VALUES (68, 7, 'c9b439295136a9e9f0592db88f9636d3.jpg', 0, 0, '2018-08-28 17:16:54', '2018-08-28 17:16:54');
INSERT INTO `photos` VALUES (69, 7, 'd43f5f2c9946e3328b87b5277009a79b.jpg', 0, 0, '2018-08-28 17:16:54', '2018-08-28 17:16:54');
INSERT INTO `photos` VALUES (70, 7, 'f8eb5230747e89222585c6ce143b148a.jpg', 0, 0, '2018-08-28 17:16:54', '2018-08-28 17:16:54');
INSERT INTO `photos` VALUES (71, 8, '00b66b617e81bb040ba12d246b073624.jpg', 0, 0, '2018-08-28 17:17:14', '2018-08-28 17:17:14');
INSERT INTO `photos` VALUES (72, 8, '0bf9452d8ca5da99ba0d7a1a2e1054d6.jpg', 0, 0, '2018-08-28 17:17:14', '2018-08-28 17:17:14');
INSERT INTO `photos` VALUES (73, 8, '3be0f28f569aeda03ce07fc702a4b546.jpg', 0, 0, '2018-08-28 17:17:14', '2018-08-28 17:17:14');
INSERT INTO `photos` VALUES (74, 8, '4b5b24fd805a4633531bfa4aaab03fc0.jpg', 0, 0, '2018-08-28 17:17:14', '2018-08-28 17:17:14');
INSERT INTO `photos` VALUES (75, 8, '6e9b604a0aab33fe05dd1a5cc230dd03.jpg', 0, 0, '2018-08-28 17:17:14', '2018-08-28 17:17:14');
INSERT INTO `photos` VALUES (76, 8, '6ea42136c415f9fd677595e9bbbeb417.jpg', 0, 0, '2018-08-28 17:17:14', '2018-08-28 17:17:14');
INSERT INTO `photos` VALUES (77, 8, '7fca739a22c6fd8a9ba453f4414f6663.jpg', 0, 0, '2018-08-28 17:17:14', '2018-08-28 17:17:14');
INSERT INTO `photos` VALUES (78, 8, '08e875aab40de14301b3cff0b8f86357.jpg', 0, 0, '2018-08-28 17:17:14', '2018-08-28 17:17:14');
INSERT INTO `photos` VALUES (79, 8, '11dfeb55befed260389c640e73568040.jpg', 0, 0, '2018-08-28 17:17:14', '2018-08-28 17:17:14');
INSERT INTO `photos` VALUES (80, 8, '46e05383c0bbab70ff0f94dd3047614e.jpg', 0, 0, '2018-08-28 17:17:14', '2018-08-28 17:17:14');
INSERT INTO `photos` VALUES (81, 8, '423fb506044a57506b8bd2477db57e5e.jpg', 0, 0, '2018-08-28 17:17:15', '2018-08-28 17:17:15');
INSERT INTO `photos` VALUES (82, 8, '624b8aad3ada0cd804968ce8fe692b34.jpg', 0, 0, '2018-08-28 17:17:15', '2018-08-28 17:17:15');
INSERT INTO `photos` VALUES (83, 8, '4334d8a990f5668c2fcb76e1c454a3cf.jpg', 0, 0, '2018-08-28 17:17:15', '2018-08-28 17:17:15');
INSERT INTO `photos` VALUES (84, 8, '61575e6808ba73d7adb2be63f4337ba5.jpg', 0, 0, '2018-08-28 17:17:15', '2018-08-28 17:17:15');
INSERT INTO `photos` VALUES (85, 8, 'c4ddce66ef61e20ae02314adede99c40.jpg', 0, 0, '2018-08-28 17:17:15', '2018-08-28 17:17:15');
INSERT INTO `photos` VALUES (86, 8, 'ddd5ad5d802668ac221647d9a98f88ac.jpg', 0, 0, '2018-08-28 17:17:15', '2018-08-28 17:17:15');
INSERT INTO `photos` VALUES (87, 8, 'dedf42f9369dfe2caf4975a40b3cf897.jpg', 0, 0, '2018-08-28 17:17:15', '2018-08-28 17:17:15');
INSERT INTO `photos` VALUES (88, 8, 'e511fbe4472b85a2e70ed20ef2cec8e4.jpg', 0, 0, '2018-08-28 17:17:15', '2018-08-28 17:17:15');
INSERT INTO `photos` VALUES (89, 8, 'eea51be0b953397b9c123d036261d3be.jpg', 0, 0, '2018-08-28 17:17:15', '2018-08-28 17:17:15');
INSERT INTO `photos` VALUES (90, 9, '5b9eb1d70410790aa48b99a07c10ff59.jpg', 0, 0, '2018-08-28 17:17:28', '2018-08-28 17:17:28');
INSERT INTO `photos` VALUES (91, 9, '1e66d2acc243bf6cfb99698b2ebf6ff5.jpg', 0, 0, '2018-08-28 17:17:28', '2018-08-28 17:17:28');
INSERT INTO `photos` VALUES (92, 9, '8e96b6513c194151cd3a35bb44173436.jpg', 0, 0, '2018-08-28 17:17:28', '2018-08-28 17:17:28');
INSERT INTO `photos` VALUES (93, 9, '28bcd9227ad370acf8971a0ed4398a48.jpg', 0, 0, '2018-08-28 17:17:28', '2018-08-28 17:17:28');
INSERT INTO `photos` VALUES (94, 9, '65e694aa7d131d84e4aabf7e315ae64b.jpg', 0, 0, '2018-08-28 17:17:29', '2018-08-28 17:17:29');
INSERT INTO `photos` VALUES (95, 9, '91a6913031f601882398d6628d4567ac.jpg', 0, 0, '2018-08-28 17:17:29', '2018-08-28 17:17:29');
INSERT INTO `photos` VALUES (96, 9, '94d65d4b2b4caa7daf1c635fc8eae333.jpg', 0, 0, '2018-08-28 17:17:29', '2018-08-28 17:17:29');
INSERT INTO `photos` VALUES (97, 9, '592f970c5354c5caf8150afd457fe8dc.jpg', 0, 0, '2018-08-28 17:17:29', '2018-08-28 17:17:29');
INSERT INTO `photos` VALUES (98, 9, '648572fdac4d1f5167939a89ce9ba686.jpg', 0, 0, '2018-08-28 17:17:29', '2018-08-28 17:17:29');
INSERT INTO `photos` VALUES (99, 9, 'a7f6524f8a68d11fc50c08c547d7d771.jpg', 0, 0, '2018-08-28 17:17:29', '2018-08-28 17:17:29');
INSERT INTO `photos` VALUES (100, 9, 'a296c170c0e0e39660cb91e0fd5002ce.jpg', 0, 0, '2018-08-28 17:17:29', '2018-08-28 17:17:29');
INSERT INTO `photos` VALUES (101, 9, 'ab8a027a20b0711433db92a1a189d09f.jpg', 0, 0, '2018-08-28 17:17:29', '2018-08-28 17:17:29');
INSERT INTO `photos` VALUES (102, 9, 'c95972f97bb611c4c481555d5c6bb66e.jpg', 0, 0, '2018-08-28 17:17:29', '2018-08-28 17:17:29');
INSERT INTO `photos` VALUES (103, 9, 'cc72f8a3c532dbda6c4f81261e3e87fa.jpg', 0, 0, '2018-08-28 17:17:29', '2018-08-28 17:17:29');
INSERT INTO `photos` VALUES (104, 9, 'd9855ec1e06424da90f20bf7c171ccf0.jpg', 0, 0, '2018-08-28 17:17:29', '2018-08-28 17:17:29');
INSERT INTO `photos` VALUES (105, 9, 'e23afcb44f973e615b4e46a3155efcb3.jpg', 0, 0, '2018-08-28 17:17:29', '2018-08-28 17:17:29');
INSERT INTO `photos` VALUES (106, 10, '2a5884f0eaace6a43aec835cf595b058.jpg', 0, 0, '2018-08-28 17:17:46', '2018-08-28 17:17:46');
INSERT INTO `photos` VALUES (107, 10, '3cce15b20cfea19421389f0ba8c5ff5e.jpg', 0, 0, '2018-08-28 17:17:46', '2018-08-28 17:17:46');
INSERT INTO `photos` VALUES (108, 10, '7ea8fbddb4d130b42dba59f31f1d15a7.jpg', 0, 0, '2018-08-28 17:17:46', '2018-08-28 17:17:46');
INSERT INTO `photos` VALUES (109, 10, '62af98c8d04a08b37a6b5d1886653fe6.jpg', 0, 0, '2018-08-28 17:17:46', '2018-08-28 17:17:46');
INSERT INTO `photos` VALUES (110, 10, '689eec982ceab7ac41bdfdc4bfce2077.jpg', 0, 0, '2018-08-28 17:17:46', '2018-08-28 17:17:46');
INSERT INTO `photos` VALUES (111, 10, '5696e2498dbf65ab08402adfa6cf4ce3.jpg', 0, 0, '2018-08-28 17:17:46', '2018-08-28 17:17:46');
INSERT INTO `photos` VALUES (112, 10, '627066dc7c9a1da9f0f28e1d7b97618b.jpg', 0, 0, '2018-08-28 17:17:46', '2018-08-28 17:17:46');
INSERT INTO `photos` VALUES (113, 10, '5142094fc23504da094d1b5d90c36354.jpg', 0, 0, '2018-08-28 17:17:46', '2018-08-28 17:17:46');
INSERT INTO `photos` VALUES (114, 10, 'd8314704956c4467ac6888ffa8ec6862.jpg', 0, 0, '2018-08-28 17:17:46', '2018-08-28 17:17:46');
INSERT INTO `photos` VALUES (115, 10, 'e19936ab01852262da354b4e8a8485df.jpg', 0, 0, '2018-08-28 17:17:46', '2018-08-28 17:17:46');
INSERT INTO `photos` VALUES (116, 11, '2a265bf788d0375370a66788fc09300b.jpg', 0, 0, '2018-08-28 17:18:01', '2018-08-28 17:18:01');
INSERT INTO `photos` VALUES (117, 11, '3a071169f7235fa589331aa7870af303.jpg', 0, 0, '2018-08-28 17:18:01', '2018-08-28 17:18:01');
INSERT INTO `photos` VALUES (118, 11, '87e4d2de51ca3fba017c3800d8811b15.jpg', 0, 0, '2018-08-28 17:18:01', '2018-08-28 17:18:01');
INSERT INTO `photos` VALUES (119, 11, '804e2b5f522a326c178a56f10ecefc8b.jpg', 0, 0, '2018-08-28 17:18:01', '2018-08-28 17:18:01');
INSERT INTO `photos` VALUES (120, 11, '6913253fcbef1803396994d39e0fbeb8.jpg', 0, 0, '2018-08-28 17:18:01', '2018-08-28 17:18:01');
INSERT INTO `photos` VALUES (121, 11, 'd37e90819cacb78553eb9521e152ff92.jpg', 0, 0, '2018-08-28 17:18:01', '2018-08-28 17:18:01');
INSERT INTO `photos` VALUES (122, 12, 'c4d5d56b4164665517c65bfa1dac3802.jpg', 0, 0, '2018-08-28 17:18:14', '2018-08-28 17:18:14');
INSERT INTO `photos` VALUES (123, 12, 'cfbc51d1af5b6f139e9b9280f6cda4e5.jpg', 0, 0, '2018-08-28 17:18:14', '2018-08-28 17:18:14');
INSERT INTO `photos` VALUES (124, 12, 'dc491b72033590c27dd3f9d7690cd8c6.jpg', 0, 0, '2018-08-28 17:18:14', '2018-08-28 17:18:14');
INSERT INTO `photos` VALUES (125, 12, 'eb005de6e0f9e656bf956031487cca7d.jpg', 0, 0, '2018-08-28 17:18:14', '2018-08-28 17:18:14');
INSERT INTO `photos` VALUES (126, 13, '0cd2904f12932bd46c9d00f5f45755b1.jpg', 0, 0, '2018-08-28 17:18:30', '2018-08-28 17:18:30');
INSERT INTO `photos` VALUES (127, 13, '4db6479ee7a69131def41ed425fc2178.jpg', 0, 0, '2018-08-28 17:18:30', '2018-08-28 17:18:30');
INSERT INTO `photos` VALUES (128, 13, '29f6b54ed23d5427918d239db68bc7d2.jpg', 0, 0, '2018-08-28 17:18:30', '2018-08-28 17:18:30');
INSERT INTO `photos` VALUES (129, 13, '042e0ecd4ffbbe882b8804ecacaffb8f.jpg', 0, 0, '2018-08-28 17:18:30', '2018-08-28 17:18:30');
INSERT INTO `photos` VALUES (130, 13, '50d63fab261186636a0dbd9e04854468.jpg', 0, 0, '2018-08-28 17:18:30', '2018-08-28 17:18:30');
INSERT INTO `photos` VALUES (131, 13, '85efd5f3994efd4a5af884e3b58aa790.jpg', 0, 0, '2018-08-28 17:18:30', '2018-08-28 17:18:30');
INSERT INTO `photos` VALUES (132, 13, '553bd2ecf1d240842ee63cdebc82a208.jpg', 0, 0, '2018-08-28 17:18:30', '2018-08-28 17:18:30');
INSERT INTO `photos` VALUES (133, 13, '7586c4ce599ce690b4756c0815d8565b.jpg', 0, 0, '2018-08-28 17:18:30', '2018-08-28 17:18:30');
INSERT INTO `photos` VALUES (134, 13, 'ca5878dedf08109b2a4c9178feb45e61.jpg', 0, 0, '2018-08-28 17:18:31', '2018-08-28 17:18:31');
INSERT INTO `photos` VALUES (135, 13, 'efd7066f61fb6b6c51dba720bc4ee3b4.jpg', 0, 0, '2018-08-28 17:18:31', '2018-08-28 17:18:31');
INSERT INTO `photos` VALUES (136, 14, '1a5e3dc1371df2869362702162b835c9.jpg', 0, 0, '2018-08-28 17:18:51', '2018-08-28 17:18:51');
INSERT INTO `photos` VALUES (137, 14, '02d29385dc917f3bd557aa3d403bf616.jpg', 0, 0, '2018-08-28 17:18:51', '2018-08-28 17:18:51');
INSERT INTO `photos` VALUES (138, 14, '3bfd5cd293d6b4c132b1c32447ca9788.jpg', 0, 0, '2018-08-28 17:18:51', '2018-08-28 17:18:51');
INSERT INTO `photos` VALUES (139, 14, '83ae30f54704855be0fab08d57349e5f.jpg', 0, 0, '2018-08-28 17:18:51', '2018-08-28 17:18:51');
INSERT INTO `photos` VALUES (140, 14, '420eb6e0623db204287fec4b0d1a0759.jpg', 0, 0, '2018-08-28 17:18:51', '2018-08-28 17:18:51');
INSERT INTO `photos` VALUES (141, 14, '5410030b05f827177b346a64f043b364.jpg', 0, 0, '2018-08-28 17:18:51', '2018-08-28 17:18:51');
INSERT INTO `photos` VALUES (142, 14, 'b32cb56ba4d9e61701633eda550de080.jpg', 0, 0, '2018-08-28 17:18:51', '2018-08-28 17:18:51');
INSERT INTO `photos` VALUES (143, 15, '4f7b851fd465c682215a93f8dd235c33.jpg', 0, 0, '2018-08-28 17:19:05', '2018-08-28 17:19:05');
INSERT INTO `photos` VALUES (144, 15, '1f2355e94dbc8451925d6d7765fa2939.jpg', 0, 0, '2018-08-28 17:19:05', '2018-08-28 17:19:05');
INSERT INTO `photos` VALUES (145, 15, '808948dfe4ef5cc67dd9834afabc5941.jpg', 0, 0, '2018-08-28 17:19:05', '2018-08-28 17:19:05');
INSERT INTO `photos` VALUES (146, 15, 'a5cffd25795640a8d5e013e18377c892.jpg', 0, 0, '2018-08-28 17:19:05', '2018-08-28 17:19:05');
INSERT INTO `photos` VALUES (147, 15, 'e4259ef28ddfd76c3e03e042ba844aeb.jpg', 0, 0, '2018-08-28 17:19:05', '2018-08-28 17:19:05');
INSERT INTO `photos` VALUES (148, 15, 'e666453ba7e0ed0797b2716c23468099.jpg', 0, 0, '2018-08-28 17:19:05', '2018-08-28 17:19:05');
INSERT INTO `photos` VALUES (149, 15, 'e9988550b790b4e8159d26df253c3e47.jpg', 0, 0, '2018-08-28 17:19:05', '2018-08-28 17:19:05');
INSERT INTO `photos` VALUES (150, 15, 'fb611d565541593c693634a79d5ec168.jpg', 0, 0, '2018-08-28 17:19:05', '2018-08-28 17:19:05');
INSERT INTO `photos` VALUES (151, 16, '1bac3cc87942a2cc0b51a2a9bd66a955.jpg', 0, 0, '2018-08-28 17:19:27', '2018-08-28 17:19:27');
INSERT INTO `photos` VALUES (152, 16, '9f12ca816c922c4d7b03bb210e862857.jpg', 1, 0, '2018-08-28 17:19:27', '2018-08-28 17:46:08');
INSERT INTO `photos` VALUES (153, 16, '82b96eee82294df5857f65e0384045c7.jpg', 0, 0, '2018-08-28 17:19:27', '2018-08-28 17:19:27');
INSERT INTO `photos` VALUES (154, 16, '8142141392b8d9668c7ba320b6b91f8b.jpg', 0, 0, '2018-08-28 17:19:27', '2018-08-28 17:19:27');
INSERT INTO `photos` VALUES (155, 16, 'be307a18fa7b13c387495da199068297.jpg', 0, 0, '2018-08-28 17:19:27', '2018-08-28 17:19:27');
INSERT INTO `photos` VALUES (156, 16, 'd878f6db5dcfa32145be4d135192df59.jpg', 0, 0, '2018-08-28 17:19:27', '2018-08-28 17:19:27');
INSERT INTO `photos` VALUES (157, 16, 'eb03e5c422f4d0c876c1603c97dc051c.jpg', 0, 0, '2018-08-28 17:19:27', '2018-08-28 17:19:27');
INSERT INTO `photos` VALUES (158, 17, '4c8330e283d9e90cc6757ce745861547.jpg', 0, 0, '2018-08-28 17:19:39', '2018-08-28 17:19:39');
INSERT INTO `photos` VALUES (159, 17, '7bdb6c6ddc610ecab339220c05e185b7.jpg', 0, 0, '2018-08-28 17:19:39', '2018-08-28 17:19:39');
INSERT INTO `photos` VALUES (160, 17, '8bacb3f144a2b44024dccc43db971491.jpg', 0, 0, '2018-08-28 17:19:39', '2018-08-28 17:19:39');
INSERT INTO `photos` VALUES (161, 17, '25f888c9927edd100b2fdf88b3f1da9e.jpg', 0, 0, '2018-08-28 17:19:39', '2018-08-28 17:19:39');
INSERT INTO `photos` VALUES (162, 17, '90af3e8ff26b65f39ad3eb6a5cc8d22b.jpg', 0, 0, '2018-08-28 17:19:39', '2018-08-28 17:19:39');
INSERT INTO `photos` VALUES (163, 17, '428262037d7dbaeca73931d2729f7ab4.jpg', 0, 0, '2018-08-28 17:19:39', '2018-08-28 17:19:39');
INSERT INTO `photos` VALUES (164, 17, 'ac9b9c2762a9496eef156a3092956d97.jpg', 0, 0, '2018-08-28 17:19:39', '2018-08-28 17:19:39');
INSERT INTO `photos` VALUES (165, 17, 'aefa77ec3cd7b5cea7cad16c32d63c69.jpg', 0, 0, '2018-08-28 17:19:40', '2018-08-28 17:19:40');
INSERT INTO `photos` VALUES (166, 17, 'b3a707cf5caa5afca4ecbfcb8e809cab.jpg', 0, 0, '2018-08-28 17:19:40', '2018-08-28 17:19:40');
INSERT INTO `photos` VALUES (167, 17, 'c4208d4c4dabdf89121c34fc5f0059de.jpg', 0, 0, '2018-08-28 17:19:40', '2018-08-28 17:19:40');
INSERT INTO `photos` VALUES (168, 17, 'e8aa011fdb67c0b121c4dc5006e412dc.jpg', 0, 1, '2018-08-28 17:19:40', '2018-08-28 17:40:10');
INSERT INTO `photos` VALUES (169, 18, '0f5f48bef19bfbe170571d15d938879b.jpg', 0, 0, '2018-08-28 17:19:57', '2018-08-28 17:19:57');
INSERT INTO `photos` VALUES (170, 18, '1b28eb81587ac6cbf9179d31486065f9.jpg', 0, 0, '2018-08-28 17:19:58', '2018-08-28 17:19:58');
INSERT INTO `photos` VALUES (171, 18, '1e0ba80215b44cd1671562663e535961.jpg', 0, 0, '2018-08-28 17:19:58', '2018-08-28 17:19:58');
INSERT INTO `photos` VALUES (172, 18, '2d0fb7c625846ad69677b2c9f6f5b20f.jpg', 0, 0, '2018-08-28 17:19:58', '2018-08-28 17:19:58');
INSERT INTO `photos` VALUES (173, 18, '9cf74ff52306bebd338d27e1e81c2ab5.jpg', 0, 0, '2018-08-28 17:19:58', '2018-08-28 17:19:58');
INSERT INTO `photos` VALUES (174, 18, '68b7a021c2b540ffdd51905376e3a668.jpg', 0, 0, '2018-08-28 17:19:58', '2018-08-28 17:19:58');
INSERT INTO `photos` VALUES (175, 18, '71d70c28aa6022d43b5612e3c7ad00c3.jpg', 0, 0, '2018-08-28 17:19:58', '2018-08-28 17:19:58');
INSERT INTO `photos` VALUES (176, 18, '109a4f3d5a9e2128dc5d17b31b3a66c7.jpg', 0, 0, '2018-08-28 17:19:58', '2018-08-28 17:19:58');
INSERT INTO `photos` VALUES (177, 18, '507d51c5c9e995774ba3aca5d6c6814f.jpg', 0, 0, '2018-08-28 17:19:58', '2018-08-28 17:19:58');
INSERT INTO `photos` VALUES (178, 18, '821dd21dfc17656fab880b6d327a5037.jpg', 0, 0, '2018-08-28 17:19:58', '2018-08-28 17:19:58');
INSERT INTO `photos` VALUES (179, 18, '866b3fa9fa1eb62bcca603593e8e48d2.jpg', 0, 0, '2018-08-28 17:19:58', '2018-08-28 17:19:58');
INSERT INTO `photos` VALUES (180, 18, '1181463a17081205608d5e909f9afb34.jpg', 0, 0, '2018-08-28 17:19:58', '2018-08-28 17:19:58');
INSERT INTO `photos` VALUES (181, 18, 'a46e606da02825baae19c68ac4665bda.jpg', 0, 0, '2018-08-28 17:19:58', '2018-08-28 17:19:58');
INSERT INTO `photos` VALUES (182, 18, 'a07166b9c39f7c49392bbe78c11eef3a.jpg', 0, 0, '2018-08-28 17:19:58', '2018-08-28 17:19:58');
INSERT INTO `photos` VALUES (183, 18, 'a53835834fc9241e539735922000df7c.jpg', 0, 0, '2018-08-28 17:19:58', '2018-08-28 17:19:58');
INSERT INTO `photos` VALUES (184, 18, 'b07fa86dec4105367e5ef21749aff5c4.jpg', 0, 0, '2018-08-28 17:19:59', '2018-08-28 17:19:59');
INSERT INTO `photos` VALUES (185, 18, 'bd9960d4ad0ba9f09841f838b4100ded.jpg', 0, 0, '2018-08-28 17:19:59', '2018-08-28 17:19:59');
INSERT INTO `photos` VALUES (186, 18, 'be8fe863c1c28c7cdf0f4d9610e5506a.jpg', 0, 0, '2018-08-28 17:19:59', '2018-08-28 17:19:59');
INSERT INTO `photos` VALUES (187, 18, 'e7fe389daac81d7522e30dcadbd749d2.jpg', 0, 0, '2018-08-28 17:19:59', '2018-08-28 17:19:59');
INSERT INTO `photos` VALUES (188, 18, 'e10bec3e7b735834fb2d882b5df3b373.jpg', 0, 0, '2018-08-28 17:19:59', '2018-08-28 17:19:59');
INSERT INTO `photos` VALUES (189, 19, '1da258dc10dce905af451f0325b5559e.jpg', 0, 0, '2018-08-28 17:20:19', '2018-08-28 17:20:19');
INSERT INTO `photos` VALUES (190, 19, '9f5b332ecec92695f8f7ae00a5a84656.jpg', 0, 0, '2018-08-28 17:20:19', '2018-08-28 17:20:19');
INSERT INTO `photos` VALUES (191, 19, '025ee692b61e7beb0bcee981c352f1ae.jpg', 0, 0, '2018-08-28 17:20:20', '2018-08-28 17:20:20');
INSERT INTO `photos` VALUES (192, 19, 'b9bceafd844f5ab6912a7c7ae9a1ecdf.jpg', 0, 0, '2018-08-28 17:20:20', '2018-08-28 17:20:20');
INSERT INTO `photos` VALUES (193, 19, 'b99e52e50be5f55ebd4fa304ec21354f.jpg', 0, 0, '2018-08-28 17:20:20', '2018-08-28 17:20:20');
INSERT INTO `photos` VALUES (194, 19, 'b4901d5b9a2b718b21f5547a4f9aaaab.jpg', 0, 0, '2018-08-28 17:20:20', '2018-08-28 17:20:20');
INSERT INTO `photos` VALUES (195, 19, 'c11c9b1c8d8dc46f79c784f0d6153222.jpg', 0, 0, '2018-08-28 17:20:20', '2018-08-28 17:20:20');
INSERT INTO `photos` VALUES (196, 20, '0b2803de744e370dc2322aaa0e96790d.jpg', 0, 0, '2018-08-28 17:20:36', '2018-08-28 17:20:36');
INSERT INTO `photos` VALUES (197, 20, '1ae21f5dffeb94231c28eafd57a35816.jpg', 0, 0, '2018-08-28 17:20:37', '2018-08-28 17:20:37');
INSERT INTO `photos` VALUES (198, 20, '2a8e8d3bb072384d98e82bc0a73f8312.jpg', 0, 0, '2018-08-28 17:20:37', '2018-08-28 17:20:37');
INSERT INTO `photos` VALUES (199, 20, '4ae35cc12fa4d45ad03e83c19f9047c4.jpg', 0, 0, '2018-08-28 17:20:37', '2018-08-28 17:20:37');
INSERT INTO `photos` VALUES (200, 20, '2777e4b07b9031537d834cc44518068f.jpg', 0, 0, '2018-08-28 17:20:37', '2018-08-28 17:20:37');
INSERT INTO `photos` VALUES (201, 20, '54439a59474bd63c3170fac82235255a.jpg', 0, 0, '2018-08-28 17:20:37', '2018-08-28 17:20:37');
INSERT INTO `photos` VALUES (202, 20, '78811b13f0784f50935e2c2fdbe4914c.jpg', 0, 0, '2018-08-28 17:20:37', '2018-08-28 17:20:37');
INSERT INTO `photos` VALUES (203, 20, '578638e8cc61759b82fa1c80ab023e94.jpg', 0, 0, '2018-08-28 17:20:37', '2018-08-28 17:20:37');
INSERT INTO `photos` VALUES (204, 20, 'ac7bdc37a5835468ee67b1694a700394.jpg', 0, 0, '2018-08-28 17:20:37', '2018-08-28 17:20:37');
INSERT INTO `photos` VALUES (205, 20, 'cf0d84080dab49a714695628f7e21c73.jpg', 0, 0, '2018-08-28 17:20:37', '2018-08-28 17:20:37');
INSERT INTO `photos` VALUES (206, 20, 'da914d849aabf314ce7ef042920f86c7.jpg', 0, 0, '2018-08-28 17:20:37', '2018-08-28 17:20:37');
INSERT INTO `photos` VALUES (207, 20, 'e58e86bb4fc77fe29274edb9eab25cf1.jpg', 0, 0, '2018-08-28 17:20:37', '2018-08-28 17:20:37');
INSERT INTO `photos` VALUES (208, 20, 'f548cc93fc681b9460ed07f48663f313.jpg', 0, 0, '2018-08-28 17:20:37', '2018-08-28 17:20:37');
INSERT INTO `photos` VALUES (209, 21, '9aee68c5bd2d98f1b4389df0c5cf96d6.jpg', 0, 0, '2018-08-28 17:20:53', '2018-08-28 17:20:53');
INSERT INTO `photos` VALUES (210, 21, '021df05bc3dacbdfe2f6a77adc162059.jpg', 0, 0, '2018-08-28 17:20:54', '2018-08-28 17:20:54');
INSERT INTO `photos` VALUES (211, 21, '31a6a7facb2eeeadc75f6df06f8f6dfe.jpg', 0, 0, '2018-08-28 17:20:54', '2018-08-28 17:20:54');
INSERT INTO `photos` VALUES (212, 21, '09587768141f339c922c222c6cf484a2.jpg', 0, 0, '2018-08-28 17:20:54', '2018-08-28 17:20:54');
INSERT INTO `photos` VALUES (213, 21, 'a7560eabe95abf1f22636bd8e079502f.jpg', 0, 0, '2018-08-28 17:20:54', '2018-08-28 17:20:54');
INSERT INTO `photos` VALUES (214, 21, 'ac91657b482f331c9c53af5351cb2e5d.jpg', 0, 0, '2018-08-28 17:20:54', '2018-08-28 17:20:54');
INSERT INTO `photos` VALUES (215, 21, 'b0f4fd0d445a66bb790a589c5ac4a990.jpg', 0, 0, '2018-08-28 17:20:54', '2018-08-28 17:20:54');
INSERT INTO `photos` VALUES (216, 21, '0b09015fc8741141ad46d85f41b42e96.jpg', 0, 0, '2018-08-28 17:20:54', '2018-08-28 17:20:54');
INSERT INTO `photos` VALUES (217, 21, '1e62abb0cd68f28bf242a8d7f92c5715.jpg', 0, 0, '2018-08-28 17:20:54', '2018-08-28 17:20:54');
INSERT INTO `photos` VALUES (218, 21, '5d299b6ade9c596fdeb9a6d78d3f55c8.jpg', 0, 0, '2018-08-28 17:20:54', '2018-08-28 17:20:54');
INSERT INTO `photos` VALUES (219, 22, '4d10574328bcefc5f844732d31fb1200.jpg', 0, 0, '2018-08-28 17:21:13', '2018-08-28 17:21:13');
INSERT INTO `photos` VALUES (220, 22, '406bb6c33f59d471cb13c2f97ae1c64f.jpg', 0, 0, '2018-08-28 17:21:13', '2018-08-28 17:21:13');
INSERT INTO `photos` VALUES (221, 22, '51308b986f3ff98f47012e4832248479.jpg', 0, 0, '2018-08-28 17:21:13', '2018-08-28 17:21:13');
INSERT INTO `photos` VALUES (222, 22, 'f896098799a1c66deda24671df03f285.jpg', 0, 0, '2018-08-28 17:21:13', '2018-08-28 17:21:13');
INSERT INTO `photos` VALUES (223, 23, '5ff1e488fca7928962a03c7816285f0b.jpg', 0, 0, '2018-08-28 17:21:28', '2018-08-28 17:21:28');
INSERT INTO `photos` VALUES (224, 23, '8e45997e6d5cc08d1fb88b1179d89c14.jpg', 0, 0, '2018-08-28 17:21:28', '2018-08-28 17:21:28');
INSERT INTO `photos` VALUES (225, 23, '9e22fa0741e7b898ad21ada94112ac28.jpg', 0, 0, '2018-08-28 17:21:28', '2018-08-28 17:21:28');
INSERT INTO `photos` VALUES (226, 23, '68d3d5b11ba44e2e0dd1b6cc6687d72d.jpg', 0, 0, '2018-08-28 17:21:28', '2018-08-28 17:21:28');
INSERT INTO `photos` VALUES (227, 23, '089b248d90d2f2db7b952c33f306d626.jpg', 0, 0, '2018-08-28 17:21:28', '2018-08-28 17:21:28');
INSERT INTO `photos` VALUES (228, 23, '617e1badc34eded4bc4313fad3708db2.jpg', 0, 0, '2018-08-28 17:21:29', '2018-08-28 17:21:29');
INSERT INTO `photos` VALUES (229, 23, '3977e4921c6d796323753830d78c2d4c.jpg', 0, 0, '2018-08-28 17:21:29', '2018-08-28 17:21:29');
INSERT INTO `photos` VALUES (230, 23, '08263c82bd4992ad9b3b93bf8bebf640.jpg', 0, 0, '2018-08-28 17:21:29', '2018-08-28 17:21:29');
INSERT INTO `photos` VALUES (231, 23, '205305f9a52b83e88779453b51f7b40f.jpg', 0, 1, '2018-08-28 17:21:29', '2018-08-28 17:42:45');
INSERT INTO `photos` VALUES (232, 23, 'f6654c80d90a2182912145958cc7665b.jpg', 0, 0, '2018-08-28 17:21:29', '2018-08-28 17:21:29');
INSERT INTO `photos` VALUES (233, 24, '1df39791d4d6d6395d2c6376193e7975.jpg', 0, 0, '2018-08-28 17:21:42', '2018-08-28 17:21:42');
INSERT INTO `photos` VALUES (234, 24, '3f3497b88153f43f9933cd6b0eba6978.jpg', 0, 0, '2018-08-28 17:21:42', '2018-08-28 17:21:42');
INSERT INTO `photos` VALUES (235, 24, '5fceb6df864832c3f73482fd32015110.jpg', 0, 0, '2018-08-28 17:21:42', '2018-08-28 17:21:42');
INSERT INTO `photos` VALUES (236, 24, '8e2a58c9f3c8f4e124478d66552a95ca.jpg', 0, 0, '2018-08-28 17:21:42', '2018-08-28 17:21:42');
INSERT INTO `photos` VALUES (237, 24, '12d106d1d3fa91d284aaa1975f026967.jpg', 0, 0, '2018-08-28 17:21:42', '2018-08-28 17:21:42');
INSERT INTO `photos` VALUES (238, 24, '34fe17f9753e16b13796cc17534d2b23.jpg', 0, 0, '2018-08-28 17:21:42', '2018-08-28 17:21:42');
INSERT INTO `photos` VALUES (239, 24, '67701de37e84f682863250bb1c82e270.jpg', 0, 0, '2018-08-28 17:21:42', '2018-08-28 17:21:42');
INSERT INTO `photos` VALUES (240, 24, '2468813b2544f174ef1195e206b16b47.jpg', 0, 0, '2018-08-28 17:21:42', '2018-08-28 17:21:42');
INSERT INTO `photos` VALUES (241, 24, 'baae983d062eca687109e2c5e2606b0f.jpg', 0, 0, '2018-08-28 17:21:42', '2018-08-28 17:21:42');
INSERT INTO `photos` VALUES (242, 25, '0cdba9a608548f2e37658c3619648549.jpg', 0, 0, '2018-08-28 17:21:55', '2018-08-28 17:21:55');
INSERT INTO `photos` VALUES (243, 25, '9f18fcc37059f959b47cdc18da90d238.jpg', 0, 0, '2018-08-28 17:21:55', '2018-08-28 17:21:55');
INSERT INTO `photos` VALUES (244, 25, '0689f64804443ea5c146749dea84603d.jpg', 0, 0, '2018-08-28 17:21:55', '2018-08-28 17:21:55');
INSERT INTO `photos` VALUES (245, 25, '10938557f7c26398311759361e195a4e.jpg', 0, 0, '2018-08-28 17:21:55', '2018-08-28 17:21:55');
INSERT INTO `photos` VALUES (246, 25, 'ca3eb6113096725dbe46a1c5bb40f413.jpg', 0, 0, '2018-08-28 17:21:55', '2018-08-28 17:21:55');
INSERT INTO `photos` VALUES (247, 25, 'ba77561e058da3f175f22bbb4d9b3e35.jpg', 0, 0, '2018-08-28 17:21:55', '2018-08-28 17:21:55');
INSERT INTO `photos` VALUES (248, 25, 'ec8453c5bf4e21b5edf67da079c452c2.jpg', 0, 0, '2018-08-28 17:21:56', '2018-08-28 17:21:56');
INSERT INTO `photos` VALUES (249, 25, 'f22d4232517f71e75ca365ee05dbd58f.jpg', 0, 0, '2018-08-28 17:21:56', '2018-08-28 17:21:56');
INSERT INTO `photos` VALUES (250, 26, '6c5e86047269db47d67f51dc3062758e.jpg', 0, 0, '2018-08-28 17:22:11', '2018-08-28 17:22:11');
INSERT INTO `photos` VALUES (251, 26, '40ea67b9df723c250f57fad86598b2fb.jpg', 0, 0, '2018-08-28 17:22:11', '2018-08-28 17:22:11');
INSERT INTO `photos` VALUES (252, 26, '42c2960c0f3020d368eba748cecb1a85.jpg', 0, 0, '2018-08-28 17:22:12', '2018-08-28 17:22:12');
INSERT INTO `photos` VALUES (253, 26, '74dc7eaddcffa6a87e3411f32287eb0b.jpg', 0, 0, '2018-08-28 17:22:12', '2018-08-28 17:22:12');
INSERT INTO `photos` VALUES (254, 26, '2112086f32e25873223abb75cbad74fd.jpg', 0, 0, '2018-08-28 17:22:12', '2018-08-28 17:22:12');
INSERT INTO `photos` VALUES (255, 26, '87fd21709fd9f8b782b70bcc55c0338e.jpg', 0, 0, '2018-08-28 17:22:12', '2018-08-28 17:22:12');
INSERT INTO `photos` VALUES (256, 26, 'a7d885f4a567ea78d26da65409a22c36.jpg', 0, 0, '2018-08-28 17:22:12', '2018-08-28 17:22:12');
INSERT INTO `photos` VALUES (257, 26, 'b0d32f7b64195e905544989d993aab16.jpg', 0, 0, '2018-08-28 17:22:12', '2018-08-28 17:22:12');
INSERT INTO `photos` VALUES (258, 26, 'd38f1685b3244652e333e5ccdad483ea.jpg', 0, 0, '2018-08-28 17:22:12', '2018-08-28 17:22:12');
INSERT INTO `photos` VALUES (259, 26, 'b38736eaeaf425cfd5a7ae4f22f8cda4.jpg', 0, 0, '2018-08-28 17:22:12', '2018-08-28 17:22:12');
INSERT INTO `photos` VALUES (260, 27, '2d624e3fff92fbd0071369dd03abef72.jpg', 0, 0, '2018-08-28 17:25:52', '2018-08-28 17:25:52');
INSERT INTO `photos` VALUES (261, 27, '49a1e7ee0b2974fe01e72ee10ed68408.jpg', 0, 0, '2018-08-28 17:25:52', '2018-08-28 17:25:52');
INSERT INTO `photos` VALUES (262, 27, '02062e15c70de7332c448d56a31622b9.jpg', 0, 0, '2018-08-28 17:25:52', '2018-08-28 17:25:52');
INSERT INTO `photos` VALUES (263, 27, '6794090c75f47e8eaa41aa9ee696d79b.jpg', 0, 0, '2018-08-28 17:25:52', '2018-08-28 17:25:52');
INSERT INTO `photos` VALUES (264, 27, 'c3b464af9a53ce1f607d1acbf32ebe2b.jpg', 0, 0, '2018-08-28 17:25:52', '2018-08-28 17:25:52');
INSERT INTO `photos` VALUES (265, 27, 'c27da48071cb0c4f187a16489ea49951.jpg', 0, 0, '2018-08-28 17:25:52', '2018-08-28 17:25:52');
INSERT INTO `photos` VALUES (266, 27, 'c34bfafd0b625ea65edd3e35fe0a48f4.jpg', 0, 0, '2018-08-28 17:25:52', '2018-08-28 17:25:52');
INSERT INTO `photos` VALUES (267, 27, 'd00a8b748a215d0f6ca1ef1fadc71471.jpg', 0, 0, '2018-08-28 17:25:52', '2018-08-28 17:25:52');
INSERT INTO `photos` VALUES (268, 27, 'd8d13ed226b7515f6e6f9877fb968e7d.jpg', 0, 0, '2018-08-28 17:25:52', '2018-08-28 17:25:52');
INSERT INTO `photos` VALUES (269, 28, '1e9f6626f3d6beaf33f78ad947df14a7.jpg', 0, 0, '2018-08-28 17:26:10', '2018-08-28 17:26:10');
INSERT INTO `photos` VALUES (270, 28, '6e1610c57b2d19ff00ce770c7cb47e88.jpg', 0, 0, '2018-08-28 17:26:10', '2018-08-28 17:26:10');
INSERT INTO `photos` VALUES (271, 28, '27fa2db015546a6118d951c64b699a10.jpg', 0, 0, '2018-08-28 17:26:10', '2018-08-28 17:26:10');
INSERT INTO `photos` VALUES (272, 28, '50fbbc9fe2de66559aead0d591157863.jpg', 0, 0, '2018-08-28 17:26:10', '2018-08-28 17:26:10');
INSERT INTO `photos` VALUES (273, 28, '63f3abe6740640dc71b2bf88ea2639b1.jpg', 0, 0, '2018-08-28 17:26:11', '2018-08-28 17:26:11');
INSERT INTO `photos` VALUES (274, 28, '990a5acec872682dbb63de81354f34b5.jpg', 0, 0, '2018-08-28 17:26:11', '2018-08-28 17:26:11');
INSERT INTO `photos` VALUES (275, 28, '53410ab7457cb4ff6c83c7f48c90feaa.jpg', 0, 0, '2018-08-28 17:26:11', '2018-08-28 17:26:11');
INSERT INTO `photos` VALUES (276, 28, 'a51d03ca1d3f5b9e7f978d90d4ed4e31.jpg', 0, 0, '2018-08-28 17:26:11', '2018-08-28 17:26:11');
INSERT INTO `photos` VALUES (277, 28, 'cea8ac074bdc9cf9764556713063001e.jpg', 0, 0, '2018-08-28 17:26:11', '2018-08-28 17:26:11');
INSERT INTO `photos` VALUES (278, 28, 'ee91a1c82ae7598e5658c7bb26dbd5d1.jpg', 0, 0, '2018-08-28 17:26:11', '2018-08-28 17:26:11');
INSERT INTO `photos` VALUES (279, 29, '1121098278338ec8032ccc21b788c88d.jpg', 0, 0, '2018-08-28 17:26:23', '2018-08-28 17:26:23');
INSERT INTO `photos` VALUES (280, 29, '5bedb9a8e870d0e26815c0a60f63c9e5.jpg', 0, 0, '2018-08-28 17:26:23', '2018-08-28 17:26:23');
INSERT INTO `photos` VALUES (281, 29, '9eddbd44343899e2f7fa0024c8758884.jpg', 0, 0, '2018-08-28 17:26:23', '2018-08-28 17:26:23');
INSERT INTO `photos` VALUES (282, 29, '21ed526c73c2a213955881b1f2b7e4bb.jpg', 0, 0, '2018-08-28 17:26:23', '2018-08-28 17:26:23');
INSERT INTO `photos` VALUES (283, 30, 'ef38c73fadea3e538e3bdaac8b948590.jpg', 0, 0, '2018-08-28 17:26:37', '2018-08-28 17:26:37');
INSERT INTO `photos` VALUES (284, 30, '4efa122924a41c65ef59f2a431e26423.jpg', 0, 0, '2018-08-28 17:26:37', '2018-08-28 17:26:37');
INSERT INTO `photos` VALUES (285, 30, '8bf7b788ca3645b60cb51c02b8051207.jpg', 0, 0, '2018-08-28 17:26:37', '2018-08-28 17:26:37');
INSERT INTO `photos` VALUES (286, 30, '8df7eb8893616edb1e56851910687aa9.jpg', 0, 0, '2018-08-28 17:26:37', '2018-08-28 17:26:37');
INSERT INTO `photos` VALUES (287, 30, '77e8b7611d904c923b424e72faab94c1.jpg', 0, 0, '2018-08-28 17:26:37', '2018-08-28 17:26:37');
INSERT INTO `photos` VALUES (288, 30, '365b7518b442127c3ed1061b35ff2a26.jpg', 0, 0, '2018-08-28 17:26:37', '2018-08-28 17:26:37');
INSERT INTO `photos` VALUES (289, 30, '435c011b6fb20095a7c9c63197756ee5.jpg', 0, 0, '2018-08-28 17:26:37', '2018-08-28 17:26:37');
INSERT INTO `photos` VALUES (290, 30, '508004fafef1b780ce36b80162be374f.jpg', 0, 0, '2018-08-28 17:26:37', '2018-08-28 17:26:37');
INSERT INTO `photos` VALUES (291, 30, 'a9b2f6067ab46ec52bc8b42c4c0f0d2a.jpg', 0, 0, '2018-08-28 17:26:37', '2018-08-28 17:26:37');
INSERT INTO `photos` VALUES (292, 30, 'acf0be1b8c2d7e721422a8e13275faf0.jpg', 0, 0, '2018-08-28 17:26:37', '2018-08-28 17:26:37');
INSERT INTO `photos` VALUES (293, 30, 'b57c9c0b8d8022aca03122677a1319f0.jpg', 0, 0, '2018-08-28 17:26:37', '2018-08-28 17:26:37');
INSERT INTO `photos` VALUES (294, 30, 'b2928a75c60881e6b67a3ca376e454e2.jpg', 0, 0, '2018-08-28 17:26:37', '2018-08-28 17:26:37');
INSERT INTO `photos` VALUES (295, 30, 'c80e7dfd7673b89800a919114fc0eda1.jpg', 0, 0, '2018-08-28 17:26:38', '2018-08-28 17:26:38');
INSERT INTO `photos` VALUES (296, 30, 'c554fa7302eaf8f86522c900e63d4752.jpg', 0, 0, '2018-08-28 17:26:38', '2018-08-28 17:26:38');
INSERT INTO `photos` VALUES (297, 30, 'c47080b072c34ac208da7cf80ae97e91.jpg', 0, 0, '2018-08-28 17:26:38', '2018-08-28 17:26:38');
INSERT INTO `photos` VALUES (298, 30, 'e0cb9b870b57ad3281d76998addf1ca9.jpg', 0, 0, '2018-08-28 17:26:38', '2018-08-28 17:26:38');
INSERT INTO `photos` VALUES (299, 30, 'cf76f6632cf193a926293abcc852a51e.jpg', 0, 0, '2018-08-28 17:26:38', '2018-08-28 17:26:38');
INSERT INTO `photos` VALUES (300, 30, 'e9c27994754489527ca16813a6752f9d.jpg', 0, 0, '2018-08-28 17:26:38', '2018-08-28 17:26:38');
INSERT INTO `photos` VALUES (301, 30, 'e10b72cf06adecb377bb19e01ea84560.jpg', 0, 0, '2018-08-28 17:26:38', '2018-08-28 17:26:38');
INSERT INTO `photos` VALUES (302, 31, '2c73ba8875ef3f528390fb3c7ba3daf2.jpg', 0, 0, '2018-08-28 17:26:53', '2018-08-28 17:26:53');
INSERT INTO `photos` VALUES (303, 31, '2dc7958d8afe389d5f45208bf80be462.jpg', 0, 0, '2018-08-28 17:26:53', '2018-08-28 17:26:53');
INSERT INTO `photos` VALUES (304, 31, '4b60613395ea1a486cefc8122068d2fe.jpg', 0, 0, '2018-08-28 17:26:53', '2018-08-28 17:26:53');
INSERT INTO `photos` VALUES (305, 31, '06e351a0277b8f3793ef231634d252a4.jpg', 0, 0, '2018-08-28 17:26:53', '2018-08-28 17:26:53');
INSERT INTO `photos` VALUES (306, 31, '6cf7399cd44c6510d7a9a442eddbb111.jpg', 0, 0, '2018-08-28 17:26:53', '2018-08-28 17:26:53');
INSERT INTO `photos` VALUES (307, 31, '31d6c303fd1be586afb2ce0dfccff663.jpg', 0, 0, '2018-08-28 17:26:53', '2018-08-28 17:26:53');
INSERT INTO `photos` VALUES (308, 31, '46acab1118039474b80a8d0c60c6cdd7.jpg', 0, 0, '2018-08-28 17:26:53', '2018-08-28 17:26:53');
INSERT INTO `photos` VALUES (309, 31, '49f3c986a9ff0a76abaa3ba6cc9e0bdf.jpg', 0, 0, '2018-08-28 17:26:53', '2018-08-28 17:26:53');
INSERT INTO `photos` VALUES (310, 31, '58eaabf26b1de766de04653a1f530667.jpg', 0, 0, '2018-08-28 17:26:53', '2018-08-28 17:26:53');
INSERT INTO `photos` VALUES (311, 31, '62ba7d663c54a3ee76135bd693b38525.jpg', 0, 0, '2018-08-28 17:26:53', '2018-08-28 17:26:53');
INSERT INTO `photos` VALUES (312, 31, '651bd97ef39bf27a3d46b73aed11703e.jpg', 0, 0, '2018-08-28 17:26:53', '2018-08-28 17:26:53');
INSERT INTO `photos` VALUES (313, 31, '853b188b7d3ba8dc8d58c9b4940f259e.jpg', 0, 0, '2018-08-28 17:26:53', '2018-08-28 17:26:53');
INSERT INTO `photos` VALUES (314, 31, '999de28b28388726ea63ba273c7c5f41.jpg', 0, 0, '2018-08-28 17:26:53', '2018-08-28 17:26:53');
INSERT INTO `photos` VALUES (315, 31, 'c6d0d314090b52c51f3c999aa8462e0c.jpg', 0, 0, '2018-08-28 17:26:53', '2018-08-28 17:26:53');
INSERT INTO `photos` VALUES (316, 32, '02ca5b2c1e5c8127d2261cff8139ba3d.jpg', 0, 0, '2018-08-28 17:27:06', '2018-08-28 17:27:06');
INSERT INTO `photos` VALUES (317, 32, '5ecf0d1b262b6004d376a738d1c213cf.jpg', 0, 0, '2018-08-28 17:27:06', '2018-08-28 17:27:06');
INSERT INTO `photos` VALUES (318, 32, '7a96619a279f80cd0ca63e4b96acd495.jpg', 0, 0, '2018-08-28 17:27:06', '2018-08-28 17:27:06');
INSERT INTO `photos` VALUES (319, 32, '40bc2960b65dc343534eb1a909f813c6.jpg', 0, 0, '2018-08-28 17:27:06', '2018-08-28 17:27:06');
INSERT INTO `photos` VALUES (320, 32, '502fcc35c5e0c78cfcc4baecbc84874e.jpg', 0, 0, '2018-08-28 17:27:06', '2018-08-28 17:27:06');
INSERT INTO `photos` VALUES (321, 32, '3343bd56fdd4027aa76f8bcb47fda4e0.jpg', 1, 1, '2018-08-28 17:27:06', '2018-08-28 17:43:21');
INSERT INTO `photos` VALUES (322, 32, '8719fa3dc19dabb5b3e58634d230583d.jpg', 0, 0, '2018-08-28 17:27:06', '2018-08-28 17:27:06');
INSERT INTO `photos` VALUES (323, 32, 'a34d3f0204bde658da97966180e26fb8.jpg', 0, 0, '2018-08-28 17:27:06', '2018-08-28 17:27:06');
INSERT INTO `photos` VALUES (324, 32, 'b105cc7873e81390559a55cceda3d3b4.jpg', 0, 0, '2018-08-28 17:27:06', '2018-08-28 17:27:06');
INSERT INTO `photos` VALUES (325, 32, 'be7a8a3f2761c025bdebf6d2b84ac290.jpg', 0, 0, '2018-08-28 17:27:06', '2018-08-28 17:27:06');
INSERT INTO `photos` VALUES (326, 32, 'da5eebdcc5efaa4020d414127875ec89.jpg', 0, 0, '2018-08-28 17:27:06', '2018-08-28 17:27:06');
INSERT INTO `photos` VALUES (327, 32, 'ea2db6e960d803ef99ad0416809330bc.jpg', 0, 0, '2018-08-28 17:27:06', '2018-08-28 17:27:06');
INSERT INTO `photos` VALUES (328, 32, 'ed5257cb7af2fe1296c74887e995f849.jpg', 0, 0, '2018-08-28 17:27:06', '2018-08-28 17:27:06');
INSERT INTO `photos` VALUES (329, 32, 'f54257726246246c0b696ca4a60cf250.jpg', 0, 0, '2018-08-28 17:27:06', '2018-08-28 17:27:06');
INSERT INTO `photos` VALUES (330, 33, '1cb72220922127fb5b01162a3a5bf314.jpg', 0, 0, '2018-08-28 17:27:20', '2018-08-28 17:27:20');
INSERT INTO `photos` VALUES (331, 33, '4ebc2ebe65462d59d8663efbbb261f46.jpg', 0, 0, '2018-08-28 17:27:20', '2018-08-28 17:27:20');
INSERT INTO `photos` VALUES (332, 33, '5e5613a31614b7a1b9e6bcb3b8678f8a.jpg', 0, 1, '2018-08-28 17:27:20', '2018-08-28 17:43:34');
INSERT INTO `photos` VALUES (333, 33, '049fab16710d16805800d37c93b4d15b.jpg', 0, 0, '2018-08-28 17:27:20', '2018-08-28 17:27:20');
INSERT INTO `photos` VALUES (334, 33, '53c858629babcc897ea24f5b3289df4b.jpg', 0, 0, '2018-08-28 17:27:20', '2018-08-28 17:27:20');
INSERT INTO `photos` VALUES (335, 33, '55fe06aae1acbdb41a4c41dd26b478f2.jpg', 1, 1, '2018-08-28 17:27:20', '2018-08-28 17:43:44');
INSERT INTO `photos` VALUES (336, 33, '4757b8c4cddfe5ab2189e0a23679b39f.jpg', 0, 0, '2018-08-28 17:27:20', '2018-08-28 17:27:20');
INSERT INTO `photos` VALUES (337, 33, 'a8817b9c77d6fa72f8b2efb806b6fcdc.jpg', 0, 0, '2018-08-28 17:27:21', '2018-08-28 17:27:21');
INSERT INTO `photos` VALUES (338, 33, 'aae36fbcf268f68ea42027d43f350e0b.jpg', 0, 0, '2018-08-28 17:27:21', '2018-08-28 17:27:21');
INSERT INTO `photos` VALUES (339, 33, 'bc734b0764b90902e9f05f27b09e8e73.jpg', 0, 0, '2018-08-28 17:27:21', '2018-08-28 17:27:21');
INSERT INTO `photos` VALUES (340, 33, 'c5de6ffb942706da0e0914337f288625.jpg', 0, 0, '2018-08-28 17:27:21', '2018-08-28 17:27:21');
INSERT INTO `photos` VALUES (341, 33, 'ddea8068528795433564a39205098d43.jpg', 0, 0, '2018-08-28 17:27:21', '2018-08-28 17:27:21');
INSERT INTO `photos` VALUES (342, 34, '0b28e17f07ac2d7a80ef1807f040d84f.jpg', 0, 0, '2018-08-28 17:27:33', '2018-08-28 17:27:33');
INSERT INTO `photos` VALUES (343, 34, '3b4e8f2cd375bc5f7ae36d1c4b10757f.jpg', 0, 0, '2018-08-28 17:27:33', '2018-08-28 17:27:33');
INSERT INTO `photos` VALUES (344, 34, '5f7f53de07a62b6ace7ee7ad9c9993b0.jpg', 0, 0, '2018-08-28 17:27:33', '2018-08-28 17:27:33');
INSERT INTO `photos` VALUES (345, 34, '8a3526507714d9cde169421434c3cc4b.jpg', 0, 0, '2018-08-28 17:27:33', '2018-08-28 17:27:33');
INSERT INTO `photos` VALUES (346, 34, '48a50f0fe1a14011014026851bca1091.jpg', 0, 0, '2018-08-28 17:27:33', '2018-08-28 17:27:33');
INSERT INTO `photos` VALUES (347, 34, '616fa349928b7e6d19b1a64be4f36f6f.jpg', 0, 0, '2018-08-28 17:27:33', '2018-08-28 17:27:33');
INSERT INTO `photos` VALUES (348, 34, '719f34c5ae8f9dee6494a6c3a3097187.jpg', 0, 0, '2018-08-28 17:27:33', '2018-08-28 17:27:33');
INSERT INTO `photos` VALUES (349, 34, 'b698f6c03a90b486360ec2f1d7241bac.jpg', 0, 0, '2018-08-28 17:27:33', '2018-08-28 17:27:33');
INSERT INTO `photos` VALUES (350, 34, 'f2f5ea29f6c9ade5c2bcf0945b162179.jpg', 0, 0, '2018-08-28 17:27:33', '2018-08-28 17:27:33');
INSERT INTO `photos` VALUES (351, 35, '0d7f5481f04a9b4f6a533cecb5478ff5.jpg', 0, 0, '2018-08-28 17:27:47', '2018-08-28 17:27:47');
INSERT INTO `photos` VALUES (352, 35, '3bb5e0a6af80b6edea7da7c9a1a81f59.jpg', 0, 0, '2018-08-28 17:27:47', '2018-08-28 17:27:47');
INSERT INTO `photos` VALUES (353, 35, '7c2b2d2018e6c16a76f973501ecd1ce7.jpg', 0, 0, '2018-08-28 17:27:47', '2018-08-28 17:27:47');
INSERT INTO `photos` VALUES (354, 35, '57b9ef476089835f0e727dc8695649bc.jpg', 0, 0, '2018-08-28 17:27:47', '2018-08-28 17:27:47');
INSERT INTO `photos` VALUES (355, 35, '313d27c3ed6174f10c4f4214d44371b0.jpg', 0, 0, '2018-08-28 17:27:47', '2018-08-28 17:27:47');
INSERT INTO `photos` VALUES (356, 35, '159f3db14526b66896aa254092e45eb5.jpg', 0, 0, '2018-08-28 17:27:47', '2018-08-28 17:27:47');
INSERT INTO `photos` VALUES (357, 35, '647bbd3d13fb65dae66b7ab31e3ff79a.jpg', 0, 0, '2018-08-28 17:27:47', '2018-08-28 17:27:47');
INSERT INTO `photos` VALUES (358, 35, '759d62d06b837bd014b2bef69eba3300.jpg', 0, 0, '2018-08-28 17:27:47', '2018-08-28 17:27:47');
INSERT INTO `photos` VALUES (359, 35, '02985e3e618022ca1fe8fb199244fef5.jpg', 0, 0, '2018-08-28 17:27:47', '2018-08-28 17:27:47');
INSERT INTO `photos` VALUES (360, 35, '6238c6e3deb9b9114471b494c3487574.jpg', 0, 0, '2018-08-28 17:27:47', '2018-08-28 17:27:47');
INSERT INTO `photos` VALUES (361, 35, '324544f9f429c0ac513bf70b9993a806.jpg', 0, 0, '2018-08-28 17:27:47', '2018-08-28 17:27:47');
INSERT INTO `photos` VALUES (362, 35, '396678b0bcbdef0fbdb90ab63741959d.jpg', 0, 0, '2018-08-28 17:27:47', '2018-08-28 17:27:47');
INSERT INTO `photos` VALUES (363, 35, '5834660660671397a08b821eafb9386e.jpg', 0, 0, '2018-08-28 17:27:47', '2018-08-28 17:27:47');
INSERT INTO `photos` VALUES (364, 35, 'a29f3c8f9dede18ffb6b7392e2674734.jpg', 0, 0, '2018-08-28 17:27:47', '2018-08-28 17:27:47');
INSERT INTO `photos` VALUES (365, 35, 'aa0ecc6fa24c7569670db88cab069403.jpg', 0, 0, '2018-08-28 17:27:47', '2018-08-28 17:27:47');
INSERT INTO `photos` VALUES (366, 35, 'b3d4cb21a585f32f4f9b841ed5273629.jpg', 0, 0, '2018-08-28 17:27:47', '2018-08-28 17:27:47');
INSERT INTO `photos` VALUES (367, 35, 'bc7913b4fa694da7a23632f908fa52ae.jpg', 0, 0, '2018-08-28 17:27:48', '2018-08-28 17:27:48');
INSERT INTO `photos` VALUES (368, 35, 'c3c3db6136d8b9bc71bca11747dc5bb5.jpg', 0, 0, '2018-08-28 17:27:48', '2018-08-28 17:27:48');
INSERT INTO `photos` VALUES (369, 35, 'c6c7aad34f8f941af065d9cc1d7d9c26.jpg', 0, 0, '2018-08-28 17:27:48', '2018-08-28 17:27:48');
INSERT INTO `photos` VALUES (370, 35, 'deb96c2e8ceedccbe0ce270fb330530c.jpg', 0, 0, '2018-08-28 17:27:48', '2018-08-28 17:27:48');
INSERT INTO `photos` VALUES (371, 35, 'e1fce2ebed737b642ddc9bef2dea66da.jpg', 0, 0, '2018-08-28 17:27:48', '2018-08-28 17:27:48');
INSERT INTO `photos` VALUES (372, 35, 'e5516b670c1c1994c4a3cdd4c84b3e35.jpg', 0, 0, '2018-08-28 17:27:48', '2018-08-28 17:27:48');
INSERT INTO `photos` VALUES (373, 35, 'ed8f8f46cdbaab2b2cf2f71a4c4e860e.jpg', 0, 0, '2018-08-28 17:27:48', '2018-08-28 17:27:48');
INSERT INTO `photos` VALUES (374, 35, 'ed88b94cc1649b86a47db6d2dbfa8e1f.jpg', 0, 0, '2018-08-28 17:27:48', '2018-08-28 17:27:48');
INSERT INTO `photos` VALUES (375, 35, 'ef25ac5523ff9d1602c86402e2cf63bb.jpg', 0, 0, '2018-08-28 17:27:48', '2018-08-28 17:27:48');
INSERT INTO `photos` VALUES (376, 36, 'ef12814796d778a41c55cc70b125d122.jpg', 0, 0, '2018-08-28 17:28:40', '2018-08-28 17:28:40');
INSERT INTO `photos` VALUES (377, 36, 'f0d4573dd8e8c7feed604872e3caeec5.jpg', 0, 0, '2018-08-28 17:28:40', '2018-08-28 17:28:40');
INSERT INTO `photos` VALUES (378, 36, 'fc3b270b1d9a3d7d6c097b93e775f9b3.jpg', 0, 0, '2018-08-28 17:28:40', '2018-08-28 17:28:40');
INSERT INTO `photos` VALUES (379, 36, 'feca8bd48391d96b391ff81002c94834.jpg', 0, 0, '2018-08-28 17:28:40', '2018-08-28 17:28:40');
INSERT INTO `photos` VALUES (380, 36, '01b1803ea901874593192bc98bd9593e.jpg', 0, 0, '2018-08-28 17:28:40', '2018-08-28 17:28:40');
INSERT INTO `photos` VALUES (381, 36, '4c52b5197e6337b6a03847d6d1df8f12.jpg', 0, 0, '2018-08-28 17:28:40', '2018-08-28 17:28:40');
INSERT INTO `photos` VALUES (382, 36, '5a34d6dee15a0fa71efd76cb6fdffb27.jpg', 0, 0, '2018-08-28 17:28:40', '2018-08-28 17:28:40');
INSERT INTO `photos` VALUES (383, 36, '4e21193eec49c9530b64056282db5bb9.jpg', 0, 0, '2018-08-28 17:28:40', '2018-08-28 17:28:40');
INSERT INTO `photos` VALUES (384, 36, '5b0053886279be6858e6d2511bcc6940.jpg', 0, 0, '2018-08-28 17:28:40', '2018-08-28 17:28:40');
INSERT INTO `photos` VALUES (385, 36, '6a1e35fd87220ca9fddaf763922e391d.jpg', 0, 0, '2018-08-28 17:28:40', '2018-08-28 17:28:40');
INSERT INTO `photos` VALUES (386, 36, '6e1f0ba2498e591e2f7e49f0f10cdaf5.jpg', 0, 0, '2018-08-28 17:28:40', '2018-08-28 17:28:40');
INSERT INTO `photos` VALUES (387, 36, '7a4cd82e3e0a581dc1c0a76b528a06b9.jpg', 0, 0, '2018-08-28 17:28:40', '2018-08-28 17:28:40');
INSERT INTO `photos` VALUES (388, 36, '7bd883ec17861c77a0d74bd91c4fd801.jpg', 0, 0, '2018-08-28 17:28:40', '2018-08-28 17:28:40');
INSERT INTO `photos` VALUES (389, 36, '22f89ddeda64b607dabfaa4cec57ae38.jpg', 0, 0, '2018-08-28 17:28:40', '2018-08-28 17:28:40');
INSERT INTO `photos` VALUES (390, 36, '32e00da426133a3f62fe83ced14400a1.jpg', 0, 0, '2018-08-28 17:28:40', '2018-08-28 17:28:40');
INSERT INTO `photos` VALUES (391, 36, '25ccd818ae25cf51ccf6e524d597e735.jpg', 0, 0, '2018-08-28 17:28:40', '2018-08-28 17:28:40');
INSERT INTO `photos` VALUES (392, 36, '82f79922b27a50856f9748ac3c673bd0.jpg', 0, 0, '2018-08-28 17:28:40', '2018-08-28 17:28:40');
INSERT INTO `photos` VALUES (393, 36, '139a4f7e9fc33b2c8794fc126e2be8fc.jpg', 0, 0, '2018-08-28 17:28:40', '2018-08-28 17:28:40');
INSERT INTO `photos` VALUES (394, 36, '216f26d4dc9bbb41ecbebcef6d8d72d7.jpg', 0, 0, '2018-08-28 17:28:40', '2018-08-28 17:28:40');
INSERT INTO `photos` VALUES (395, 36, '746e9a36f4ea90e683d62957c4aa3750.jpg', 0, 0, '2018-08-28 17:28:40', '2018-08-28 17:28:40');
INSERT INTO `photos` VALUES (396, 36, '901c257bc362db574c51bbd7dbd3e731.jpg', 0, 1, '2018-08-28 17:28:40', '2018-08-28 17:40:25');
INSERT INTO `photos` VALUES (397, 36, '30121c6e5e8b52ccab64ecfd4842cd92.jpg', 0, 0, '2018-08-28 17:28:40', '2018-08-28 17:28:40');
INSERT INTO `photos` VALUES (398, 36, '84997a3051af321ac3fb5bf536676752.jpg', 0, 0, '2018-08-28 17:28:40', '2018-08-28 17:28:40');
INSERT INTO `photos` VALUES (399, 36, 'a3bc52e648dafc8009c984abc91b796f.jpg', 0, 1, '2018-08-28 17:28:40', '2018-08-28 17:40:55');
INSERT INTO `photos` VALUES (400, 36, 'a05918967cdfa081fa369e01017a1eef.jpg', 0, 0, '2018-08-28 17:28:40', '2018-08-28 17:28:40');
INSERT INTO `photos` VALUES (401, 36, 'ae333e42f779e2e5b5807a436c6c9b29.jpg', 0, 0, '2018-08-28 17:28:40', '2018-08-28 17:28:40');
INSERT INTO `photos` VALUES (402, 36, 'defd99de1caa9f4e715829281ed9f514.jpg', 0, 0, '2018-08-28 17:28:40', '2018-08-28 17:28:40');
INSERT INTO `photos` VALUES (403, 37, 'd3d308325745cf52af15315433719dcb.jpg', 0, 0, '2018-08-28 17:28:55', '2018-08-28 17:28:55');
INSERT INTO `photos` VALUES (404, 37, 'd21daa81d7f87bf46064db0b6b70c7c3.jpg', 0, 0, '2018-08-28 17:28:55', '2018-08-28 17:28:55');
INSERT INTO `photos` VALUES (405, 37, 'e438d5f5bdc6b1548b6b2e1fbcc64891.jpg', 0, 0, '2018-08-28 17:28:55', '2018-08-28 17:28:55');
INSERT INTO `photos` VALUES (406, 37, 'f17cbf8882631b97a667335743b219e3.jpg', 0, 0, '2018-08-28 17:28:55', '2018-08-28 17:28:55');
INSERT INTO `photos` VALUES (407, 37, 'f25b0b70c1cd0e0bb401310337b865ad.jpg', 0, 0, '2018-08-28 17:28:55', '2018-08-28 17:28:55');
INSERT INTO `photos` VALUES (408, 37, '0bb4fa3dcce490d2186e8632f7e9d68a.jpg', 0, 0, '2018-08-28 17:28:55', '2018-08-28 17:28:55');
INSERT INTO `photos` VALUES (409, 37, '0f2e9ddfccc14ea81b7c1ad4a98cfd21.jpg', 0, 0, '2018-08-28 17:28:55', '2018-08-28 17:28:55');
INSERT INTO `photos` VALUES (410, 37, '1a59dc3cc1d07fa6043ad53d0d92279b.jpg', 0, 0, '2018-08-28 17:28:55', '2018-08-28 17:28:55');
INSERT INTO `photos` VALUES (411, 37, '02e728370ca10976c49b948b51648c27.jpg', 0, 0, '2018-08-28 17:28:55', '2018-08-28 17:28:55');
INSERT INTO `photos` VALUES (412, 37, '78a16f2d68effe75b287a859d46b85d8.jpg', 0, 0, '2018-08-28 17:28:55', '2018-08-28 17:28:55');
INSERT INTO `photos` VALUES (413, 37, '392ebc500a3d73d74ee753b18c1453ed.jpg', 0, 0, '2018-08-28 17:28:55', '2018-08-28 17:28:55');
INSERT INTO `photos` VALUES (414, 37, '91a21a88be9b6769894900a991da0859.jpg', 0, 0, '2018-08-28 17:28:55', '2018-08-28 17:28:55');
INSERT INTO `photos` VALUES (415, 37, '582b31ace4bc48607c0868ac686dfa2f.jpg', 0, 0, '2018-08-28 17:28:55', '2018-08-28 17:28:55');
INSERT INTO `photos` VALUES (416, 37, '6210c2ba366cc5213fdab55b70505452.jpg', 0, 0, '2018-08-28 17:28:55', '2018-08-28 17:28:55');
INSERT INTO `photos` VALUES (417, 37, '8702653ef07ef0d93c49e2fa1ce82aaa.jpg', 0, 0, '2018-08-28 17:28:55', '2018-08-28 17:28:55');
INSERT INTO `photos` VALUES (418, 37, '8886097f5ddc9ba03799eede88298eaa.jpg', 0, 0, '2018-08-28 17:28:55', '2018-08-28 17:28:55');
INSERT INTO `photos` VALUES (419, 37, '8215364968c180a0a5a0a9cc0b184ba9.jpg', 0, 0, '2018-08-28 17:28:55', '2018-08-28 17:28:55');
INSERT INTO `photos` VALUES (420, 37, 'a7347aa3e66bc4357077ddb8fb1ea9b8.jpg', 0, 0, '2018-08-28 17:28:56', '2018-08-28 17:28:56');
INSERT INTO `photos` VALUES (421, 37, 'ceb5c2d34eabbeb7e7041820337977bb.jpg', 0, 0, '2018-08-28 17:28:56', '2018-08-28 17:28:56');
INSERT INTO `photos` VALUES (422, 38, 'e4d270ac2e8bdcd3d1b0498274a9eb33.jpg', 0, 0, '2018-08-28 17:29:11', '2018-08-28 17:29:11');
INSERT INTO `photos` VALUES (423, 38, '44b98165a4f7f599ee7336b6c79fff9f.jpg', 0, 0, '2018-08-28 17:29:11', '2018-08-28 17:29:11');
INSERT INTO `photos` VALUES (424, 38, '56a44dff5d200ceae4b7309eb6a9d0bb.jpg', 0, 0, '2018-08-28 17:29:11', '2018-08-28 17:29:11');
INSERT INTO `photos` VALUES (425, 38, '85f530573981b07898ecf5a4e879110b.jpg', 0, 0, '2018-08-28 17:29:11', '2018-08-28 17:29:11');
INSERT INTO `photos` VALUES (426, 38, '1172827753ab01d1fe0208f6a2654bc5.jpg', 0, 0, '2018-08-28 17:29:11', '2018-08-28 17:29:11');
INSERT INTO `photos` VALUES (427, 38, 'a7704e251cbcedb802be9b074ac2774e.jpg', 0, 0, '2018-08-28 17:29:11', '2018-08-28 17:29:11');
INSERT INTO `photos` VALUES (428, 38, 'aeb0caa043df79a96380ba4270a3e68a.jpg', 0, 0, '2018-08-28 17:29:11', '2018-08-28 17:29:11');
INSERT INTO `photos` VALUES (429, 38, 'b6e34607d0f2b757f8f1ddb84fadc78f.jpg', 0, 0, '2018-08-28 17:29:11', '2018-08-28 17:29:11');
INSERT INTO `photos` VALUES (430, 38, 'bcb0b224fec00187114700f8d208aab8.jpg', 0, 0, '2018-08-28 17:29:11', '2018-08-28 17:29:11');
INSERT INTO `photos` VALUES (431, 38, 'c9c84414a84dc329832086876d510703.jpg', 0, 0, '2018-08-28 17:29:11', '2018-08-28 17:29:11');
INSERT INTO `photos` VALUES (432, 38, 'cb89a669331ae85c78773265b89e7f76.jpg', 0, 0, '2018-08-28 17:29:11', '2018-08-28 17:29:11');
INSERT INTO `photos` VALUES (433, 38, 'd7aa09c50b81de2ef4ad5d1c28a52d56.jpg', 0, 0, '2018-08-28 17:29:12', '2018-08-28 17:29:12');
INSERT INTO `photos` VALUES (434, 38, 'da8a395ecf8ee79d79bd4a5ce9796e47.jpg', 0, 0, '2018-08-28 17:29:12', '2018-08-28 17:29:12');
INSERT INTO `photos` VALUES (435, 39, '1c6ce76efac44c149a753fa343ae7e57.jpg', 0, 0, '2018-08-28 17:29:27', '2018-08-28 17:29:27');
INSERT INTO `photos` VALUES (436, 39, '2de60f711b0995b9b5a8da02202dd811.jpg', 0, 1, '2018-08-28 17:29:27', '2018-08-28 17:41:17');
INSERT INTO `photos` VALUES (437, 39, '4de57f6f3974322d92c4e45c2ee0bdb2.jpg', 0, 0, '2018-08-28 17:29:27', '2018-08-28 17:29:27');
INSERT INTO `photos` VALUES (438, 39, '6f3da6a85c2ef60aa861585052011f05.jpg', 0, 0, '2018-08-28 17:29:28', '2018-08-28 17:29:28');
INSERT INTO `photos` VALUES (439, 39, '8f0d9a6b10db7cef3d7aa7443d688b5e.jpg', 0, 0, '2018-08-28 17:29:28', '2018-08-28 17:29:28');
INSERT INTO `photos` VALUES (440, 39, '26e0843d65ef9512ddd1868fadafd230.jpg', 0, 0, '2018-08-28 17:29:28', '2018-08-28 17:29:28');
INSERT INTO `photos` VALUES (441, 39, '81a9b72171c4bd0a322a810228291959.jpg', 0, 0, '2018-08-28 17:29:28', '2018-08-28 17:29:28');
INSERT INTO `photos` VALUES (442, 39, '994c47b02026d4be97315a7704b27f8a.jpg', 0, 0, '2018-08-28 17:29:28', '2018-08-28 17:29:28');
INSERT INTO `photos` VALUES (443, 39, '3406b21330f93bcd0cb87b3d867faec5.jpg', 0, 0, '2018-08-28 17:29:28', '2018-08-28 17:29:28');
INSERT INTO `photos` VALUES (444, 39, 'b91b37e684a50e2828866b28502f0dcb.jpg', 0, 0, '2018-08-28 17:29:28', '2018-08-28 17:29:28');
INSERT INTO `photos` VALUES (445, 39, 'cc1eeff9af37ef5b9b0b302d620b3023.jpg', 0, 0, '2018-08-28 17:29:28', '2018-08-28 17:29:28');
INSERT INTO `photos` VALUES (446, 39, 'f95214f868d0e7c5b49c5d2beca2e880.jpg', 0, 0, '2018-08-28 17:29:28', '2018-08-28 17:29:28');
INSERT INTO `photos` VALUES (447, 39, '0bafa3d274f78def1c3d97d6634c609a.jpg', 0, 0, '2018-08-28 17:29:28', '2018-08-28 17:29:28');
INSERT INTO `photos` VALUES (448, 39, '1bccdba2f5ffdf598cc5303e474231f4.jpg', 0, 0, '2018-08-28 17:29:28', '2018-08-28 17:29:28');
INSERT INTO `photos` VALUES (449, 40, '1d5d0d3fb26034fcc109400a0f8445e4.jpg', 0, 0, '2018-08-28 17:29:40', '2018-08-28 17:29:40');
INSERT INTO `photos` VALUES (450, 40, '3a98233a6cdbca41fb6b3f70747c0b9c.jpg', 0, 0, '2018-08-28 17:29:40', '2018-08-28 17:29:40');
INSERT INTO `photos` VALUES (451, 40, '8a4437042d253f9091a8f830dc405863.jpg', 0, 0, '2018-08-28 17:29:40', '2018-08-28 17:29:40');
INSERT INTO `photos` VALUES (452, 40, '9ec257ae938aeed538cb8147434e423c.jpg', 0, 0, '2018-08-28 17:29:40', '2018-08-28 17:29:40');
INSERT INTO `photos` VALUES (453, 40, '9f35d22263e07b0443a42bdaf32ea398.jpg', 0, 0, '2018-08-28 17:29:41', '2018-08-28 17:29:41');
INSERT INTO `photos` VALUES (454, 40, '49cba5d5edc2b864a0f790a8891f9844.jpg', 0, 0, '2018-08-28 17:29:41', '2018-08-28 17:29:41');
INSERT INTO `photos` VALUES (455, 40, '79a9ca08648bb2d4a001b186c1e7e33e.jpg', 0, 0, '2018-08-28 17:29:41', '2018-08-28 17:29:41');
INSERT INTO `photos` VALUES (456, 40, '76118044dd75632dc2a426dcec6ed9f5.jpg', 0, 0, '2018-08-28 17:29:41', '2018-08-28 17:29:41');
INSERT INTO `photos` VALUES (457, 40, 'a9fe2016bb55f26f0d79bb921162298b.jpg', 0, 0, '2018-08-28 17:29:41', '2018-08-28 17:29:41');
INSERT INTO `photos` VALUES (458, 40, 'af20b2f333c03446f4ed9d461dfbbf39.jpg', 0, 0, '2018-08-28 17:29:41', '2018-08-28 17:29:41');
INSERT INTO `photos` VALUES (459, 40, 'e2b78db10c26ccc0180d5eb09f95ca10.jpg', 0, 0, '2018-08-28 17:29:41', '2018-08-28 17:29:41');
INSERT INTO `photos` VALUES (460, 40, 'e72011a2eb6434dc6f9c26559b6ade04.jpg', 0, 0, '2018-08-28 17:29:41', '2018-08-28 17:29:41');
INSERT INTO `photos` VALUES (461, 40, 'f0a2bff83e9b1812429e403dd7b1c097.jpg', 0, 0, '2018-08-28 17:29:41', '2018-08-28 17:29:41');
INSERT INTO `photos` VALUES (462, 40, 'eeef5bc137c8d12b25c5b88a307748ba.jpg', 0, 0, '2018-08-28 17:29:41', '2018-08-28 17:29:41');
INSERT INTO `photos` VALUES (463, 40, 'f9306ae71478bf720e8885e32787d3bd.jpg', 0, 0, '2018-08-28 17:29:41', '2018-08-28 17:29:41');
INSERT INTO `photos` VALUES (464, 40, 'f0acc4e7d61048f084b71e062e807b9a.jpg', 0, 0, '2018-08-28 17:29:41', '2018-08-28 17:29:41');
INSERT INTO `photos` VALUES (465, 41, '0a474b60937ab92148111ce6453077c0.jpg', 0, 0, '2018-08-28 17:30:09', '2018-08-28 17:30:09');
INSERT INTO `photos` VALUES (466, 41, '5cba65c63f9da97dd2ca11a658d54029.jpg', 0, 0, '2018-08-28 17:30:09', '2018-08-28 17:30:09');
INSERT INTO `photos` VALUES (467, 41, '7dd526f42e9c39b0d0c79cb7c96bd124.jpg', 0, 0, '2018-08-28 17:30:09', '2018-08-28 17:30:09');
INSERT INTO `photos` VALUES (468, 41, '8aea8e54bfe16e7e5edbcbd540df1e1f.jpg', 0, 0, '2018-08-28 17:30:09', '2018-08-28 17:30:09');
INSERT INTO `photos` VALUES (469, 41, '58c41e76ff0a6093e0adba8d337e8a68.jpg', 0, 0, '2018-08-28 17:30:09', '2018-08-28 17:30:09');
INSERT INTO `photos` VALUES (470, 41, '701bb770a3f159899e7ac2d4cf62a4ad.jpg', 0, 0, '2018-08-28 17:30:09', '2018-08-28 17:30:09');
INSERT INTO `photos` VALUES (471, 41, '800d3a6d1ce0dc21876b72421d746765.jpg', 0, 0, '2018-08-28 17:30:09', '2018-08-28 17:30:09');
INSERT INTO `photos` VALUES (472, 41, '2118c2d924504e768f39d910046526a4.jpg', 0, 0, '2018-08-28 17:30:09', '2018-08-28 17:30:09');
INSERT INTO `photos` VALUES (473, 41, 'a4b926f218d6f17aeb4514f04e8788f4.jpg', 0, 0, '2018-08-28 17:30:10', '2018-08-28 17:30:10');
INSERT INTO `photos` VALUES (474, 41, 'a9230b0ca833157077246d2823878771.jpg', 0, 0, '2018-08-28 17:30:10', '2018-08-28 17:30:10');
INSERT INTO `photos` VALUES (475, 41, 'ac2e480f352720510f2b52425ba20940.jpg', 0, 0, '2018-08-28 17:30:10', '2018-08-28 17:30:10');
INSERT INTO `photos` VALUES (476, 41, 'b8e0898fa6a5272d1372517a90ad7e44.jpg', 0, 0, '2018-08-28 17:30:10', '2018-08-28 17:30:10');
INSERT INTO `photos` VALUES (477, 41, 'c7ef7a6633c386dfe0b775da5b0461bc.jpg', 0, 0, '2018-08-28 17:30:10', '2018-08-28 17:30:10');
INSERT INTO `photos` VALUES (478, 41, 'de8cc906055390850af518f7b2b0f5cd.jpg', 0, 0, '2018-08-28 17:30:10', '2018-08-28 17:30:10');
INSERT INTO `photos` VALUES (479, 41, 'f922c449b92fc362ae4957614ca75c41.jpg', 0, 0, '2018-08-28 17:30:10', '2018-08-28 17:30:10');
INSERT INTO `photos` VALUES (480, 42, '3c0a02edab77bc6ab7a6bdecd5a946fb.jpg', 0, 0, '2018-08-28 17:30:23', '2018-08-28 17:30:23');
INSERT INTO `photos` VALUES (481, 42, '7afc2f3a99a510ecc5218549ea83b36c.jpg', 0, 0, '2018-08-28 17:30:23', '2018-08-28 17:30:23');
INSERT INTO `photos` VALUES (482, 42, '7ec41d92e24f81b8cdc3dab4c5b4ac1c.jpg', 0, 0, '2018-08-28 17:30:23', '2018-08-28 17:30:23');
INSERT INTO `photos` VALUES (483, 42, '022ecf3a80fc55136d38bc6dba00ece9.jpg', 0, 0, '2018-08-28 17:30:23', '2018-08-28 17:30:23');
INSERT INTO `photos` VALUES (484, 42, '56e507a834c6e8c1dc2aa51387bb3589.jpg', 0, 0, '2018-08-28 17:30:23', '2018-08-28 17:30:23');
INSERT INTO `photos` VALUES (485, 42, '90ce26ad99fd9137667da04133bdeb09.jpg', 0, 0, '2018-08-28 17:30:23', '2018-08-28 17:30:23');
INSERT INTO `photos` VALUES (486, 42, '117acc83937095b8e0102dd6eda39fb9.jpg', 0, 0, '2018-08-28 17:30:23', '2018-08-28 17:30:23');
INSERT INTO `photos` VALUES (487, 42, '425263d02d3aa8c081d5c0e555e8ea84.jpg', 0, 0, '2018-08-28 17:30:23', '2018-08-28 17:30:23');
INSERT INTO `photos` VALUES (488, 42, '3672946c4b7b376eb603ad7244890d61.jpg', 0, 0, '2018-08-28 17:30:23', '2018-08-28 17:30:23');
INSERT INTO `photos` VALUES (489, 42, '0095630865cfec29bcc24bd4244b2b0f.jpg', 0, 0, '2018-08-28 17:30:23', '2018-08-28 17:30:23');
INSERT INTO `photos` VALUES (490, 42, '416332226521243bea92c1f9582344a7.jpg', 0, 0, '2018-08-28 17:30:23', '2018-08-28 17:30:23');
INSERT INTO `photos` VALUES (491, 42, 'a5d07e49367c89974a2813ab6cdfa3de.jpg', 0, 0, '2018-08-28 17:30:23', '2018-08-28 17:30:23');
INSERT INTO `photos` VALUES (492, 42, 'bb52946eecab544a78dc5079b05ca548.jpg', 0, 0, '2018-08-28 17:30:23', '2018-08-28 17:30:23');
INSERT INTO `photos` VALUES (493, 42, 'de982849cd32f084c29148ea3f551a07.jpg', 0, 0, '2018-08-28 17:30:23', '2018-08-28 17:30:23');
INSERT INTO `photos` VALUES (494, 42, 'da266bffe7ca0484e35aa2cee35a5271.jpg', 0, 0, '2018-08-28 17:30:23', '2018-08-28 17:30:23');
INSERT INTO `photos` VALUES (495, 42, 'f6fcfaf127b105be53be8870fe37b4d2.jpg', 0, 0, '2018-08-28 17:30:23', '2018-08-28 17:30:23');
INSERT INTO `photos` VALUES (496, 42, '1a7e9b7936fc5170e2b23c3ce291c6b9.jpg', 0, 0, '2018-08-28 17:30:24', '2018-08-28 17:30:24');
INSERT INTO `photos` VALUES (497, 43, '3fc95de6f461d23c53189028bde352e8.jpg', 0, 0, '2018-08-28 17:30:41', '2018-08-28 17:30:41');
INSERT INTO `photos` VALUES (498, 43, '6d91ceef88076d1f984a304a4da7492d.jpg', 0, 0, '2018-08-28 17:30:41', '2018-08-28 17:30:41');
INSERT INTO `photos` VALUES (499, 43, '6f7b68b9c2cf32e6283f54d06d903642.jpg', 0, 0, '2018-08-28 17:30:41', '2018-08-28 17:30:41');
INSERT INTO `photos` VALUES (500, 43, '526889a087f7994788304ef4df62e287.jpg', 0, 0, '2018-08-28 17:30:41', '2018-08-28 17:30:41');
INSERT INTO `photos` VALUES (501, 43, '33f55bc5511a79bde9dc691acbb57a12.jpg', 0, 0, '2018-08-28 17:30:41', '2018-08-28 17:30:41');
INSERT INTO `photos` VALUES (502, 43, 'a371ab6e1144e80e6ac597884d158d46.jpg', 0, 0, '2018-08-28 17:30:41', '2018-08-28 17:30:41');
INSERT INTO `photos` VALUES (503, 43, 'a5897a66de58ddb5e623738778ffe1d4.jpg', 0, 0, '2018-08-28 17:30:41', '2018-08-28 17:30:41');
INSERT INTO `photos` VALUES (504, 43, 'd922ecc9516a22aced67c76adf645b03.jpg', 0, 0, '2018-08-28 17:30:41', '2018-08-28 17:30:41');
INSERT INTO `photos` VALUES (505, 43, 'dd7623573ec81dec3b47f3e4028748ee.jpg', 0, 0, '2018-08-28 17:30:41', '2018-08-28 17:30:41');
INSERT INTO `photos` VALUES (506, 43, 'dda0d81ca9a498fd772515ecc7fe5a29.jpg', 0, 0, '2018-08-28 17:30:41', '2018-08-28 17:30:41');
INSERT INTO `photos` VALUES (507, 43, '1dd6cb034b5ab12c1872467e1408723d.jpg', 0, 0, '2018-08-28 17:30:41', '2018-08-28 17:30:41');
INSERT INTO `photos` VALUES (508, 44, 'c057d3bcc9b70fe0925678fde6d9b7a0.jpg', 0, 0, '2018-08-28 17:30:57', '2018-08-28 17:30:57');
INSERT INTO `photos` VALUES (509, 44, 'c791dc0bd788188cafa0942d352bb324.jpg', 0, 0, '2018-08-28 17:30:57', '2018-08-28 17:30:57');
INSERT INTO `photos` VALUES (510, 44, 'd792840b54781dcdbad82d0347248349.jpg', 0, 0, '2018-08-28 17:30:57', '2018-08-28 17:30:57');
INSERT INTO `photos` VALUES (511, 44, 'da6656b38ae7102383d8852edef5459b.jpg', 0, 0, '2018-08-28 17:30:57', '2018-08-28 17:30:57');
INSERT INTO `photos` VALUES (512, 44, 'f96fae51b9cfc3147c87b925a94a436f.jpg', 0, 0, '2018-08-28 17:30:58', '2018-08-28 17:30:58');
INSERT INTO `photos` VALUES (513, 44, '3af792ca8cbb184f45b34f31f140f048.jpg', 0, 0, '2018-08-28 17:30:58', '2018-08-28 17:30:58');
INSERT INTO `photos` VALUES (514, 44, '4c0181bf683bd660bd618ce16b6f1099.jpg', 0, 0, '2018-08-28 17:30:58', '2018-08-28 17:30:58');
INSERT INTO `photos` VALUES (515, 44, '4d3da48394374aaeafcda6a367ace1d6.jpg', 0, 0, '2018-08-28 17:30:58', '2018-08-28 17:30:58');
INSERT INTO `photos` VALUES (516, 44, '07a086ac659ae7bc938c588badbfa432.jpg', 0, 0, '2018-08-28 17:30:58', '2018-08-28 17:30:58');
INSERT INTO `photos` VALUES (517, 44, '7cfaecffbd668fab7910c21619ecd33e.jpg', 0, 0, '2018-08-28 17:30:58', '2018-08-28 17:30:58');
INSERT INTO `photos` VALUES (518, 44, '9bf36e270c1f44f1456ef8e2b1a409bb.jpg', 0, 0, '2018-08-28 17:30:58', '2018-08-28 17:30:58');
INSERT INTO `photos` VALUES (519, 44, '9d800e3a985e04314ee289c8e2f1bf14.jpg', 0, 0, '2018-08-28 17:30:58', '2018-08-28 17:30:58');
INSERT INTO `photos` VALUES (520, 44, '29e72aa967b27a869c5ec891702ba06d.jpg', 0, 0, '2018-08-28 17:30:58', '2018-08-28 17:30:58');
INSERT INTO `photos` VALUES (521, 44, '69d5d74b922574bad1222ed540139716.jpg', 0, 0, '2018-08-28 17:30:58', '2018-08-28 17:30:58');
INSERT INTO `photos` VALUES (522, 44, '75efeb5b40ae598a374b3d31f560fe96.jpg', 0, 0, '2018-08-28 17:30:58', '2018-08-28 17:30:58');
INSERT INTO `photos` VALUES (523, 44, '99d948e979994b4594d07184d60481c0.jpg', 0, 0, '2018-08-28 17:30:58', '2018-08-28 17:30:58');
INSERT INTO `photos` VALUES (524, 44, '443bd3e822f6e4f159ec6f625f921b7d.jpg', 0, 0, '2018-08-28 17:30:58', '2018-08-28 17:30:58');
INSERT INTO `photos` VALUES (525, 44, '6631f11adc20db016014664110f815de.jpg', 0, 0, '2018-08-28 17:30:58', '2018-08-28 17:30:58');
INSERT INTO `photos` VALUES (526, 44, '46931aab0a013437b46c585e01818b60.jpg', 0, 0, '2018-08-28 17:30:58', '2018-08-28 17:30:58');
INSERT INTO `photos` VALUES (527, 44, 'bcb6d00d58e7c4556c3e09b7f681a9ef.jpg', 0, 0, '2018-08-28 17:30:58', '2018-08-28 17:30:58');
INSERT INTO `photos` VALUES (528, 45, '8644222b022a241ef5960969dbad0f42.jpg', 0, 0, '2018-08-28 17:31:12', '2018-08-28 17:31:12');
INSERT INTO `photos` VALUES (529, 45, 'bc4f7c3f942748887cbc078a39a74692.jpg', 0, 0, '2018-08-28 17:31:12', '2018-08-28 17:31:12');
INSERT INTO `photos` VALUES (530, 45, 'cd5c95838b9bc7bede6bd021a05bc67c.jpg', 0, 0, '2018-08-28 17:31:13', '2018-08-28 17:31:13');
INSERT INTO `photos` VALUES (531, 45, 'dadc547e76d629d08429c2c1b659a724.jpg', 0, 0, '2018-08-28 17:31:13', '2018-08-28 17:31:13');
INSERT INTO `photos` VALUES (532, 45, 'ead9f6e8d431eac041bc780772bf87c5.jpg', 0, 0, '2018-08-28 17:31:13', '2018-08-28 17:31:13');
INSERT INTO `photos` VALUES (533, 45, '9a7fb642c170cc955e19ae2fbb595af1.jpg', 0, 0, '2018-08-28 17:31:13', '2018-08-28 17:31:13');
INSERT INTO `photos` VALUES (534, 45, '88a6079033d999796cb712f1d4501407.jpg', 0, 0, '2018-08-28 17:31:13', '2018-08-28 17:31:13');
INSERT INTO `photos` VALUES (535, 46, '4b76096ecd03686f3fefe84dd9eddb22.jpg', 0, 0, '2018-08-28 17:31:24', '2018-08-28 17:31:24');
INSERT INTO `photos` VALUES (536, 46, '5e5d9143c7bf5fa1340277d84a197e16.jpg', 0, 0, '2018-08-28 17:31:24', '2018-08-28 17:31:24');
INSERT INTO `photos` VALUES (537, 46, '846b7efcef54a0d26c6fa727cacb064d.jpg', 0, 0, '2018-08-28 17:31:24', '2018-08-28 17:31:24');
INSERT INTO `photos` VALUES (538, 46, '7c98c49d6a67e9f01f93dbfde9ca2be6.jpg', 0, 0, '2018-08-28 17:31:24', '2018-08-28 17:31:24');
INSERT INTO `photos` VALUES (539, 46, '1453a42307ac410adbf4e491d7338949.jpg', 0, 0, '2018-08-28 17:31:24', '2018-08-28 17:31:24');
INSERT INTO `photos` VALUES (540, 46, 'dbec87b0c78d4a15b4aad422b3178ecf.jpg', 0, 0, '2018-08-28 17:31:24', '2018-08-28 17:31:24');
INSERT INTO `photos` VALUES (541, 46, 'e5db89415214fdfd0b12a25d412226c8.jpg', 0, 0, '2018-08-28 17:31:24', '2018-08-28 17:31:24');
INSERT INTO `photos` VALUES (542, 47, '11bf5090a45ff419b2d5ac9c0b8352f4.jpg', 0, 0, '2018-08-28 17:31:39', '2018-08-28 17:31:39');
INSERT INTO `photos` VALUES (543, 47, '056cf7188da92283fb26f627064186bc.jpg', 0, 0, '2018-08-28 17:31:39', '2018-08-28 17:31:39');
INSERT INTO `photos` VALUES (544, 47, '243cefde3b72c4ae328e228ada60417d.jpg', 0, 0, '2018-08-28 17:31:39', '2018-08-28 17:31:39');
INSERT INTO `photos` VALUES (545, 47, '301b91c2ab81c6069e08b734db18059f.jpg', 0, 0, '2018-08-28 17:31:39', '2018-08-28 17:31:39');
INSERT INTO `photos` VALUES (546, 47, '816f75755e6d7616cfc09c750d308424.jpg', 0, 0, '2018-08-28 17:31:39', '2018-08-28 17:31:39');
INSERT INTO `photos` VALUES (547, 47, '6852b347efeffebf7899105bb3313fab.jpg', 0, 0, '2018-08-28 17:31:39', '2018-08-28 17:31:39');
INSERT INTO `photos` VALUES (548, 47, '7247db14c2a14548c841074810ed710f.jpg', 0, 0, '2018-08-28 17:31:39', '2018-08-28 17:31:39');
INSERT INTO `photos` VALUES (549, 47, '14687af0f641f8dd182ad8676b569c06.jpg', 0, 0, '2018-08-28 17:31:39', '2018-08-28 17:31:39');
INSERT INTO `photos` VALUES (550, 47, '30135c07183f7b601bf2f6556d64d09c.jpg', 0, 0, '2018-08-28 17:31:39', '2018-08-28 17:31:39');
INSERT INTO `photos` VALUES (551, 47, 'ea52b8f8a6520624df4fb013156dcdd6.jpg', 0, 0, '2018-08-28 17:31:39', '2018-08-28 17:31:39');
INSERT INTO `photos` VALUES (552, 47, 'f6eb5b8f699dc06766d6d37a9e849ee0.jpg', 0, 0, '2018-08-28 17:31:39', '2018-08-28 17:31:39');
INSERT INTO `photos` VALUES (553, 47, '2e202e0c28d798de79aa46f6c513ccfd.jpg', 0, 0, '2018-08-28 17:31:39', '2018-08-28 17:31:39');
INSERT INTO `photos` VALUES (554, 47, '2efe50e7a50b1850a65a73dec6987ae2.jpg', 0, 0, '2018-08-28 17:31:39', '2018-08-28 17:31:39');
INSERT INTO `photos` VALUES (555, 47, '2ffda683cf3837f06d4d5406a6b3e7a3.jpg', 0, 0, '2018-08-28 17:31:39', '2018-08-28 17:31:39');
INSERT INTO `photos` VALUES (556, 47, '4a617cc6ee4fd7404c96cfffacd84bd4.jpg', 0, 0, '2018-08-28 17:31:39', '2018-08-28 17:31:39');
INSERT INTO `photos` VALUES (557, 47, '7a813c63e04027e1d6c7755ffcd85f40.jpg', 0, 0, '2018-08-28 17:31:39', '2018-08-28 17:31:39');
INSERT INTO `photos` VALUES (558, 47, '9e34381393f1405df33a7116fb02941e.jpg', 0, 0, '2018-08-28 17:31:39', '2018-08-28 17:31:39');
INSERT INTO `photos` VALUES (559, 48, 'a213d153c8da70c4d19b4a5be04b99a0.jpg', 0, 0, '2018-08-28 17:31:58', '2018-08-28 17:31:58');
INSERT INTO `photos` VALUES (560, 48, 'bac8de192be51c878b9e1f5c8c117c1b.jpg', 0, 0, '2018-08-28 17:31:58', '2018-08-28 17:31:58');
INSERT INTO `photos` VALUES (561, 48, 'c336435f0e1a2fcf46480605d5fc5d92.jpg', 0, 0, '2018-08-28 17:31:58', '2018-08-28 17:31:58');
INSERT INTO `photos` VALUES (562, 48, 'cb6b45c3c5ee7291881daaeb39735083.jpg', 0, 0, '2018-08-28 17:31:58', '2018-08-28 17:31:58');
INSERT INTO `photos` VALUES (563, 48, 'd08eb7bf567097730ceadeb41af6968c.jpg', 0, 0, '2018-08-28 17:31:58', '2018-08-28 17:31:58');
INSERT INTO `photos` VALUES (564, 48, 'f6654c80d90a2182912145958cc7665b.jpg', 0, 0, '2018-08-28 17:31:58', '2018-08-28 17:31:58');
INSERT INTO `photos` VALUES (565, 48, '5ff1e488fca7928962a03c7816285f0b.jpg', 0, 0, '2018-08-28 17:31:58', '2018-08-28 17:31:58');
INSERT INTO `photos` VALUES (566, 48, '7a66fd34a4f3c55d89271778b27800cc.jpg', 0, 0, '2018-08-28 17:31:58', '2018-08-28 17:31:58');
INSERT INTO `photos` VALUES (567, 48, '8e45997e6d5cc08d1fb88b1179d89c14.jpg', 0, 0, '2018-08-28 17:31:58', '2018-08-28 17:31:58');
INSERT INTO `photos` VALUES (568, 48, '9e22fa0741e7b898ad21ada94112ac28.jpg', 0, 0, '2018-08-28 17:31:58', '2018-08-28 17:31:58');
INSERT INTO `photos` VALUES (569, 48, '9eec78c5998c70bce38ee7ca529b85a3.jpg', 0, 0, '2018-08-28 17:31:58', '2018-08-28 17:31:58');
INSERT INTO `photos` VALUES (570, 48, '68d3d5b11ba44e2e0dd1b6cc6687d72d.jpg', 0, 0, '2018-08-28 17:31:59', '2018-08-28 17:31:59');
INSERT INTO `photos` VALUES (571, 48, '089b248d90d2f2db7b952c33f306d626.jpg', 0, 0, '2018-08-28 17:31:59', '2018-08-28 17:31:59');
INSERT INTO `photos` VALUES (572, 48, '3977e4921c6d796323753830d78c2d4c.jpg', 0, 0, '2018-08-28 17:31:59', '2018-08-28 17:31:59');
INSERT INTO `photos` VALUES (573, 48, '617e1badc34eded4bc4313fad3708db2.jpg', 0, 0, '2018-08-28 17:31:59', '2018-08-28 17:31:59');
INSERT INTO `photos` VALUES (574, 48, '08263c82bd4992ad9b3b93bf8bebf640.jpg', 0, 0, '2018-08-28 17:31:59', '2018-08-28 17:31:59');
INSERT INTO `photos` VALUES (575, 48, '205305f9a52b83e88779453b51f7b40f.jpg', 0, 0, '2018-08-28 17:31:59', '2018-08-28 17:31:59');
INSERT INTO `photos` VALUES (576, 48, '222664656281e0fcc20482b2abd24453.jpg', 0, 0, '2018-08-28 17:31:59', '2018-08-28 17:31:59');
INSERT INTO `photos` VALUES (577, 49, 'fdfaf00816a15108227e66b94c5e030a.jpg', 0, 1, '2018-08-28 17:32:13', '2018-08-28 17:44:00');
INSERT INTO `photos` VALUES (578, 49, '5bf276e6f9372e7319a221862207d2ce.jpg', 0, 0, '2018-08-28 17:32:13', '2018-08-28 17:32:13');
INSERT INTO `photos` VALUES (579, 49, '8f93e7793284f7d32a491603d12eecbc.jpg', 0, 0, '2018-08-28 17:32:13', '2018-08-28 17:32:13');
INSERT INTO `photos` VALUES (580, 49, '8f737b4665fdd772c9206bb784a3e9a7.jpg', 0, 0, '2018-08-28 17:32:13', '2018-08-28 17:32:13');
INSERT INTO `photos` VALUES (581, 49, '49c2e5d42a86486beb0da8ff209f2709.jpg', 0, 0, '2018-08-28 17:32:13', '2018-08-28 17:32:13');
INSERT INTO `photos` VALUES (582, 50, '43fc04edd7d37fd22fea3c242d18b693.jpg', 0, 1, '2018-08-28 17:32:25', '2018-08-28 17:44:32');
INSERT INTO `photos` VALUES (583, 50, '71ed48b21ab1930f10b771ee7803c42b.jpg', 0, 0, '2018-08-28 17:32:26', '2018-08-28 17:32:26');
INSERT INTO `photos` VALUES (584, 50, '885ed04ba278cb8911c5b2c779a9f671.jpg', 0, 0, '2018-08-28 17:32:26', '2018-08-28 17:32:26');
INSERT INTO `photos` VALUES (585, 50, '2110d3ffd46e854e76f8b32e02c8faf8.jpg', 0, 0, '2018-08-28 17:32:26', '2018-08-28 17:32:26');
INSERT INTO `photos` VALUES (586, 50, 'acf5654d0597ec800ebf051521db8e21.jpg', 0, 0, '2018-08-28 17:32:26', '2018-08-28 17:32:26');
INSERT INTO `photos` VALUES (587, 50, 'c8cdf8ca3dd0ccb1fbe14822aca08a4b.jpg', 0, 0, '2018-08-28 17:32:26', '2018-08-28 17:32:26');
INSERT INTO `photos` VALUES (588, 50, 'c985e834e90164ecf9d2a74cedefd785.jpg', 0, 0, '2018-08-28 17:32:26', '2018-08-28 17:32:26');
INSERT INTO `photos` VALUES (589, 50, 'daf7e21c9ff2f77df084aa1fea9f873c.jpg', 0, 0, '2018-08-28 17:32:26', '2018-08-28 17:32:26');
INSERT INTO `photos` VALUES (590, 50, 'e198f4ddb6c29eeef1b6d14e05f2eed2.jpg', 0, 0, '2018-08-28 17:32:26', '2018-08-28 17:32:26');
INSERT INTO `photos` VALUES (591, 50, '03ca36d4429e2047ca3194b7c85e4654.jpg', 0, 0, '2018-08-28 17:32:26', '2018-08-28 17:32:26');
INSERT INTO `photos` VALUES (592, 50, '4a3f3be177d0f890b8177c27e78f669f.jpg', 0, 0, '2018-08-28 17:32:26', '2018-08-28 17:32:26');
INSERT INTO `photos` VALUES (593, 50, '4bd37d271077e796720a8249d5038b8d.jpg', 0, 0, '2018-08-28 17:32:26', '2018-08-28 17:32:26');
INSERT INTO `photos` VALUES (594, 50, '5ee4dc6ae669190f56897e0cfe151573.jpg', 0, 0, '2018-08-28 17:32:26', '2018-08-28 17:32:26');
INSERT INTO `photos` VALUES (595, 50, '8a21450dbee13b7e3b648bb879247263.jpg', 0, 0, '2018-08-28 17:32:26', '2018-08-28 17:32:26');
INSERT INTO `photos` VALUES (596, 50, '20e62e4e3af3df8b161a826682ee2c99.jpg', 0, 0, '2018-08-28 17:32:26', '2018-08-28 17:32:26');
INSERT INTO `photos` VALUES (597, 50, '9ce769c03dc69aeefd7210ad47b0b9d2.jpg', 0, 0, '2018-08-28 17:32:26', '2018-08-28 17:32:26');
INSERT INTO `photos` VALUES (598, 51, '00af11d6c25bd1e156b8eea2790cc6f0.jpg', 0, 0, '2018-08-28 17:32:39', '2018-08-28 17:32:39');
INSERT INTO `photos` VALUES (599, 51, '2a69e645edd1373e708e1672af1b4678.jpg', 0, 0, '2018-08-28 17:32:39', '2018-08-28 17:32:39');
INSERT INTO `photos` VALUES (600, 51, '4ec7c65524ead7c2e96e15fde2ba89f6.jpg', 0, 0, '2018-08-28 17:32:39', '2018-08-28 17:32:39');
INSERT INTO `photos` VALUES (601, 51, '7b8a57a58164701e26d4f0094d2b4a85.jpg', 0, 0, '2018-08-28 17:32:39', '2018-08-28 17:32:39');
INSERT INTO `photos` VALUES (602, 51, '158ff17b0d071e822b4fbc5cb94e930c.jpg', 0, 0, '2018-08-28 17:32:39', '2018-08-28 17:32:39');
INSERT INTO `photos` VALUES (603, 51, '0513cdfa4fcc9ae1cad57935e3bdb205.jpg', 0, 0, '2018-08-28 17:32:39', '2018-08-28 17:32:39');
INSERT INTO `photos` VALUES (604, 51, '891d598124f1e1c8a3b1b25b2b587583.jpg', 0, 0, '2018-08-28 17:32:39', '2018-08-28 17:32:39');
INSERT INTO `photos` VALUES (605, 51, '86269a58731683f00efa7aa16e82d2e9.jpg', 0, 0, '2018-08-28 17:32:39', '2018-08-28 17:32:39');
INSERT INTO `photos` VALUES (606, 51, 'ba801425288c10db973519a9a88788c5.jpg', 0, 0, '2018-08-28 17:32:39', '2018-08-28 17:32:39');
INSERT INTO `photos` VALUES (607, 51, 'db7218e144dc172ee0bf76795634253b.jpg', 0, 0, '2018-08-28 17:32:39', '2018-08-28 17:32:39');
INSERT INTO `photos` VALUES (608, 51, 'ef2600792b70416afcbc9c5cd0643081.jpg', 0, 0, '2018-08-28 17:32:39', '2018-08-28 17:32:39');
INSERT INTO `photos` VALUES (609, 52, '2d5d884925eabdd0a1f409da82bf426e.jpg', 0, 0, '2018-08-28 17:32:51', '2018-08-28 17:32:51');
INSERT INTO `photos` VALUES (610, 52, '52a3e741c73b8aa9fb19d025b3085ac9.jpg', 0, 0, '2018-08-28 17:32:51', '2018-08-28 17:32:51');
INSERT INTO `photos` VALUES (611, 52, '7488952cec4e7f72f8f37a07a9afe748.jpg', 0, 0, '2018-08-28 17:32:51', '2018-08-28 17:32:51');
INSERT INTO `photos` VALUES (612, 52, 'a70e7d6bfa61b76b90bbad4fec74b425.jpg', 0, 0, '2018-08-28 17:32:51', '2018-08-28 17:32:51');
INSERT INTO `photos` VALUES (613, 52, 'c4710443805f2225f5408cfe278cc5ae.jpg', 0, 0, '2018-08-28 17:32:51', '2018-08-28 17:32:51');
INSERT INTO `photos` VALUES (614, 52, 'f1d15dc16bdc6e8f150756e6377c9d09.jpg', 0, 0, '2018-08-28 17:32:51', '2018-08-28 17:32:51');
INSERT INTO `photos` VALUES (615, 53, '5c54a570f9598ea7ea8d8fc10cb51b5a.jpg', 0, 0, '2018-08-28 17:33:05', '2018-08-28 17:33:05');
INSERT INTO `photos` VALUES (616, 53, '9f77890133d6104f19ad68766bda9e18.jpg', 0, 0, '2018-08-28 17:33:05', '2018-08-28 17:33:05');
INSERT INTO `photos` VALUES (617, 53, '12d286a445f8b5c646bbb555d6e98aa2.jpg', 0, 0, '2018-08-28 17:33:05', '2018-08-28 17:33:05');
INSERT INTO `photos` VALUES (618, 53, '77b5b5eda0dfdba28f57d23fa527329d.jpg', 0, 0, '2018-08-28 17:33:06', '2018-08-28 17:33:06');
INSERT INTO `photos` VALUES (619, 53, '79fd54471270707afeefc38280b3ed07.jpg', 0, 0, '2018-08-28 17:33:06', '2018-08-28 17:33:06');
INSERT INTO `photos` VALUES (620, 53, 'abdba3db7b1148b7426542c0b0b5d98d.jpg', 0, 0, '2018-08-28 17:33:06', '2018-08-28 17:33:06');
INSERT INTO `photos` VALUES (621, 53, 'ba19506d5833fcdada9d7640a2000faa.jpg', 0, 0, '2018-08-28 17:33:06', '2018-08-28 17:33:06');
INSERT INTO `photos` VALUES (622, 53, 'c9b84bb95c71cb72eca97d2934104dc2.jpg', 0, 0, '2018-08-28 17:33:06', '2018-08-28 17:33:06');
INSERT INTO `photos` VALUES (623, 53, 'ea0739f8a827183ad02c4bc0fa5bfb8f.jpg', 0, 1, '2018-08-28 17:33:06', '2018-08-28 17:39:53');
INSERT INTO `photos` VALUES (624, 53, 'f13e0e983b5fe772eb5265bb1e7ce478.jpg', 0, 0, '2018-08-28 17:33:06', '2018-08-28 17:33:06');
INSERT INTO `photos` VALUES (625, 53, '0b554d02f3b93d955b00f07f911c219d.jpg', 0, 0, '2018-08-28 17:33:06', '2018-08-28 17:33:06');
INSERT INTO `photos` VALUES (626, 54, '0c53faaa02cd8fbe5ea80727bd48fd46.jpg', 0, 1, '2018-08-28 17:33:20', '2018-08-28 17:40:41');
INSERT INTO `photos` VALUES (627, 55, 'bc862e4a5daeff8d280021a85ed46b76.jpg', 0, 0, '2018-08-28 17:33:39', '2018-08-28 17:33:39');
INSERT INTO `photos` VALUES (628, 55, 'b76242bed6b53af1f8b3d68062aed506.jpg', 0, 0, '2018-08-28 17:33:39', '2018-08-28 17:33:39');
INSERT INTO `photos` VALUES (629, 55, 'c99bc63e7c824799abbe11f80b90657a.jpg', 0, 0, '2018-08-28 17:33:39', '2018-08-28 17:33:39');
INSERT INTO `photos` VALUES (630, 55, 'd155afb02132a60fa36851fee7362f51.jpg', 0, 0, '2018-08-28 17:33:39', '2018-08-28 17:33:39');
INSERT INTO `photos` VALUES (631, 55, 'dea8c33a1ab7757f92751b075afbe0e0.jpg', 0, 0, '2018-08-28 17:33:39', '2018-08-28 17:33:39');
INSERT INTO `photos` VALUES (632, 55, 'e19d6d95595164da36c44a9123080fe6.jpg', 0, 0, '2018-08-28 17:33:39', '2018-08-28 17:33:39');
INSERT INTO `photos` VALUES (633, 55, '05bf4cfe3156502f1db2972e099a6af2.jpg', 0, 0, '2018-08-28 17:33:40', '2018-08-28 17:33:40');
INSERT INTO `photos` VALUES (634, 55, '7e97d9e0a11b51c2410482c1ed9635c5.jpg', 0, 0, '2018-08-28 17:33:40', '2018-08-28 17:33:40');
INSERT INTO `photos` VALUES (635, 55, '47a4b6c7a82837ccb1645b14f4a12efb.jpg', 0, 0, '2018-08-28 17:33:40', '2018-08-28 17:33:40');
INSERT INTO `photos` VALUES (636, 55, '5334df2c871654f2f33693fed4301daa.jpg', 0, 0, '2018-08-28 17:33:40', '2018-08-28 17:33:40');
INSERT INTO `photos` VALUES (637, 55, '9367d49bfbe163ed75aada3731a78838.jpg', 0, 0, '2018-08-28 17:33:40', '2018-08-28 17:33:40');
INSERT INTO `photos` VALUES (638, 55, 'a6b8f191361aae65734b378b2bf43e0b.jpg', 0, 0, '2018-08-28 17:33:40', '2018-08-28 17:33:40');
INSERT INTO `photos` VALUES (639, 55, 'a89857b68d5e57abc36f6206107a0651.jpg', 0, 0, '2018-08-28 17:33:40', '2018-08-28 17:33:40');
INSERT INTO `photos` VALUES (640, 55, 'abdfd02376c8d8059fb9a7ea68bec3bf.jpg', 0, 0, '2018-08-28 17:33:40', '2018-08-28 17:33:40');
INSERT INTO `photos` VALUES (641, 55, 'b9e423b9d92d90ea54b2d03c65c1484b.jpg', 0, 0, '2018-08-28 17:33:40', '2018-08-28 17:33:40');
INSERT INTO `photos` VALUES (642, 55, 'b8981e8b8ad3a25ed52df84682a3836b.jpg', 0, 0, '2018-08-28 17:33:40', '2018-08-28 17:33:40');
INSERT INTO `photos` VALUES (643, 56, '5ff6110414048a0ab624fec38d88047a.jpg', 0, 0, '2018-08-28 17:33:57', '2018-08-28 17:33:57');
INSERT INTO `photos` VALUES (644, 56, '6c006a2af7e4d7783aee497ed32d67f8.jpg', 0, 0, '2018-08-28 17:33:57', '2018-08-28 17:33:57');
INSERT INTO `photos` VALUES (645, 56, '9b10716acfae68b0456b5e7fa3c6a510.jpg', 0, 0, '2018-08-28 17:33:57', '2018-08-28 17:33:57');
INSERT INTO `photos` VALUES (646, 56, '60dda4823b03e3245fbc59d80b1ea395.jpg', 0, 0, '2018-08-28 17:33:57', '2018-08-28 17:33:57');
INSERT INTO `photos` VALUES (647, 56, '01721464d42e9e663edb470f2eaca6fc.jpg', 0, 0, '2018-08-28 17:33:57', '2018-08-28 17:33:57');
INSERT INTO `photos` VALUES (648, 56, 'a9772945c77222034c36b91bb32364e1.jpg', 0, 0, '2018-08-28 17:33:57', '2018-08-28 17:33:57');
INSERT INTO `photos` VALUES (649, 56, 'c7bf4eee4f9a055aebf74706f0266cba.jpg', 0, 0, '2018-08-28 17:33:58', '2018-08-28 17:33:58');
INSERT INTO `photos` VALUES (650, 56, 'dbd7f6965eb8fd46db7fd83bf96186b9.jpg', 0, 0, '2018-08-28 17:33:58', '2018-08-28 17:33:58');
INSERT INTO `photos` VALUES (651, 56, 'dee37884e19efe6b6b0b4bd24b99983a.jpg', 0, 0, '2018-08-28 17:33:58', '2018-08-28 17:33:58');
INSERT INTO `photos` VALUES (652, 56, 'ddd97d92795e7c48f7204ee2d7de9f77.jpg', 0, 0, '2018-08-28 17:33:58', '2018-08-28 17:33:58');
INSERT INTO `photos` VALUES (653, 56, 'e5751011fd480baea118f651af322ae2.jpg', 0, 0, '2018-08-28 17:33:58', '2018-08-28 17:33:58');
INSERT INTO `photos` VALUES (654, 56, 'e3913f9e874f31fc86f9fc626fb45421.jpg', 0, 0, '2018-08-28 17:33:58', '2018-08-28 17:33:58');
INSERT INTO `photos` VALUES (655, 56, 'e196468957b644ca8ab2b0ce314953ba.jpg', 0, 0, '2018-08-28 17:33:58', '2018-08-28 17:33:58');
INSERT INTO `photos` VALUES (656, 56, '2b5a4ddfa33db2a2d7ad7c8b42db4a15.jpg', 0, 0, '2018-08-28 17:33:58', '2018-08-28 17:33:58');
INSERT INTO `photos` VALUES (657, 56, '1de99d425b7e2954e61edef7424e7d0d.jpg', 0, 0, '2018-08-28 17:33:58', '2018-08-28 17:33:58');
INSERT INTO `photos` VALUES (658, 56, '3cccd29ed097c63364878f7f45f7224f.jpg', 0, 0, '2018-08-28 17:33:58', '2018-08-28 17:33:58');

-- ----------------------------
-- Table structure for project_tag
-- ----------------------------
DROP TABLE IF EXISTS `project_tag`;
CREATE TABLE `project_tag`  (
  `id` int(10) UNSIGNED NOT NULL AUTO_INCREMENT,
  `project_id` int(10) UNSIGNED NOT NULL,
  `tag_id` int(10) UNSIGNED NOT NULL,
  PRIMARY KEY (`id`) USING BTREE,
  INDEX `project_tag_project_id_foreign`(`project_id`) USING BTREE,
  INDEX `project_tag_tag_id_foreign`(`tag_id`) USING BTREE,
  CONSTRAINT `project_tag_project_id_foreign` FOREIGN KEY (`project_id`) REFERENCES `projects` (`id`) ON DELETE RESTRICT ON UPDATE RESTRICT,
  CONSTRAINT `project_tag_tag_id_foreign` FOREIGN KEY (`tag_id`) REFERENCES `tags` (`id`) ON DELETE RESTRICT ON UPDATE RESTRICT
) ENGINE = InnoDB AUTO_INCREMENT = 247 CHARACTER SET = utf8mb4 COLLATE = utf8mb4_unicode_ci ROW_FORMAT = Dynamic;

-- ----------------------------
-- Records of project_tag
-- ----------------------------
INSERT INTO `project_tag` VALUES (124, 1, 2);
INSERT INTO `project_tag` VALUES (125, 1, 4);
INSERT INTO `project_tag` VALUES (126, 2, 3);
INSERT INTO `project_tag` VALUES (127, 3, 3);
INSERT INTO `project_tag` VALUES (128, 3, 5);
INSERT INTO `project_tag` VALUES (129, 4, 4);
INSERT INTO `project_tag` VALUES (130, 4, 6);
INSERT INTO `project_tag` VALUES (131, 5, 2);
INSERT INTO `project_tag` VALUES (132, 5, 4);
INSERT INTO `project_tag` VALUES (133, 6, 2);
INSERT INTO `project_tag` VALUES (134, 6, 4);
INSERT INTO `project_tag` VALUES (135, 6, 5);
INSERT INTO `project_tag` VALUES (136, 7, 2);
INSERT INTO `project_tag` VALUES (137, 7, 5);
INSERT INTO `project_tag` VALUES (138, 8, 2);
INSERT INTO `project_tag` VALUES (139, 8, 5);
INSERT INTO `project_tag` VALUES (140, 9, 3);
INSERT INTO `project_tag` VALUES (141, 9, 8);
INSERT INTO `project_tag` VALUES (142, 10, 3);
INSERT INTO `project_tag` VALUES (143, 10, 5);
INSERT INTO `project_tag` VALUES (144, 11, 2);
INSERT INTO `project_tag` VALUES (145, 11, 5);
INSERT INTO `project_tag` VALUES (146, 11, 6);
INSERT INTO `project_tag` VALUES (147, 12, 3);
INSERT INTO `project_tag` VALUES (148, 12, 5);
INSERT INTO `project_tag` VALUES (149, 12, 8);
INSERT INTO `project_tag` VALUES (150, 13, 3);
INSERT INTO `project_tag` VALUES (151, 13, 8);
INSERT INTO `project_tag` VALUES (152, 14, 3);
INSERT INTO `project_tag` VALUES (153, 14, 5);
INSERT INTO `project_tag` VALUES (154, 15, 3);
INSERT INTO `project_tag` VALUES (155, 15, 5);
INSERT INTO `project_tag` VALUES (156, 16, 3);
INSERT INTO `project_tag` VALUES (157, 16, 8);
INSERT INTO `project_tag` VALUES (158, 17, 3);
INSERT INTO `project_tag` VALUES (159, 18, 2);
INSERT INTO `project_tag` VALUES (160, 18, 3);
INSERT INTO `project_tag` VALUES (161, 18, 7);
INSERT INTO `project_tag` VALUES (162, 19, 1);
INSERT INTO `project_tag` VALUES (163, 19, 3);
INSERT INTO `project_tag` VALUES (164, 20, 3);
INSERT INTO `project_tag` VALUES (165, 20, 5);
INSERT INTO `project_tag` VALUES (166, 20, 8);
INSERT INTO `project_tag` VALUES (167, 21, 3);
INSERT INTO `project_tag` VALUES (168, 21, 5);
INSERT INTO `project_tag` VALUES (169, 22, 2);
INSERT INTO `project_tag` VALUES (170, 22, 4);
INSERT INTO `project_tag` VALUES (171, 23, 2);
INSERT INTO `project_tag` VALUES (172, 23, 3);
INSERT INTO `project_tag` VALUES (173, 24, 2);
INSERT INTO `project_tag` VALUES (174, 25, 3);
INSERT INTO `project_tag` VALUES (175, 25, 8);
INSERT INTO `project_tag` VALUES (176, 26, 3);
INSERT INTO `project_tag` VALUES (177, 26, 8);
INSERT INTO `project_tag` VALUES (178, 27, 3);
INSERT INTO `project_tag` VALUES (179, 27, 8);
INSERT INTO `project_tag` VALUES (180, 28, 3);
INSERT INTO `project_tag` VALUES (181, 28, 8);
INSERT INTO `project_tag` VALUES (182, 29, 3);
INSERT INTO `project_tag` VALUES (183, 29, 8);
INSERT INTO `project_tag` VALUES (184, 30, 3);
INSERT INTO `project_tag` VALUES (185, 31, 2);
INSERT INTO `project_tag` VALUES (186, 32, 2);
INSERT INTO `project_tag` VALUES (187, 32, 6);
INSERT INTO `project_tag` VALUES (188, 33, 2);
INSERT INTO `project_tag` VALUES (189, 33, 6);
INSERT INTO `project_tag` VALUES (190, 34, 2);
INSERT INTO `project_tag` VALUES (191, 34, 6);
INSERT INTO `project_tag` VALUES (192, 35, 2);
INSERT INTO `project_tag` VALUES (193, 35, 6);
INSERT INTO `project_tag` VALUES (194, 36, 2);
INSERT INTO `project_tag` VALUES (195, 36, 6);
INSERT INTO `project_tag` VALUES (196, 37, 2);
INSERT INTO `project_tag` VALUES (197, 37, 3);
INSERT INTO `project_tag` VALUES (198, 37, 6);
INSERT INTO `project_tag` VALUES (199, 38, 2);
INSERT INTO `project_tag` VALUES (200, 38, 3);
INSERT INTO `project_tag` VALUES (201, 38, 5);
INSERT INTO `project_tag` VALUES (202, 39, 2);
INSERT INTO `project_tag` VALUES (203, 39, 3);
INSERT INTO `project_tag` VALUES (204, 40, 1);
INSERT INTO `project_tag` VALUES (205, 40, 3);
INSERT INTO `project_tag` VALUES (206, 40, 6);
INSERT INTO `project_tag` VALUES (207, 41, 2);
INSERT INTO `project_tag` VALUES (208, 41, 5);
INSERT INTO `project_tag` VALUES (209, 42, 3);
INSERT INTO `project_tag` VALUES (210, 42, 4);
INSERT INTO `project_tag` VALUES (211, 42, 5);
INSERT INTO `project_tag` VALUES (212, 42, 8);
INSERT INTO `project_tag` VALUES (213, 43, 3);
INSERT INTO `project_tag` VALUES (214, 43, 8);
INSERT INTO `project_tag` VALUES (215, 44, 3);
INSERT INTO `project_tag` VALUES (216, 44, 5);
INSERT INTO `project_tag` VALUES (217, 44, 8);
INSERT INTO `project_tag` VALUES (218, 45, 3);
INSERT INTO `project_tag` VALUES (219, 45, 5);
INSERT INTO `project_tag` VALUES (220, 45, 8);
INSERT INTO `project_tag` VALUES (221, 46, 3);
INSERT INTO `project_tag` VALUES (222, 46, 5);
INSERT INTO `project_tag` VALUES (223, 46, 8);
INSERT INTO `project_tag` VALUES (224, 47, 3);
INSERT INTO `project_tag` VALUES (225, 47, 5);
INSERT INTO `project_tag` VALUES (226, 47, 8);
INSERT INTO `project_tag` VALUES (227, 48, 2);
INSERT INTO `project_tag` VALUES (228, 49, 1);
INSERT INTO `project_tag` VALUES (229, 49, 2);
INSERT INTO `project_tag` VALUES (230, 50, 2);
INSERT INTO `project_tag` VALUES (231, 50, 3);
INSERT INTO `project_tag` VALUES (232, 51, 3);
INSERT INTO `project_tag` VALUES (233, 51, 5);
INSERT INTO `project_tag` VALUES (234, 51, 8);
INSERT INTO `project_tag` VALUES (235, 52, 3);
INSERT INTO `project_tag` VALUES (236, 52, 5);
INSERT INTO `project_tag` VALUES (237, 52, 8);
INSERT INTO `project_tag` VALUES (238, 53, 2);
INSERT INTO `project_tag` VALUES (239, 53, 3);
INSERT INTO `project_tag` VALUES (240, 53, 4);
INSERT INTO `project_tag` VALUES (241, 54, 2);
INSERT INTO `project_tag` VALUES (242, 54, 7);
INSERT INTO `project_tag` VALUES (243, 55, 1);
INSERT INTO `project_tag` VALUES (244, 55, 3);
INSERT INTO `project_tag` VALUES (245, 56, 1);
INSERT INTO `project_tag` VALUES (246, 56, 3);

-- ----------------------------
-- Table structure for projects
-- ----------------------------
DROP TABLE IF EXISTS `projects`;
CREATE TABLE `projects`  (
  `id` int(10) UNSIGNED NOT NULL AUTO_INCREMENT,
  `name` varchar(255) CHARACTER SET utf8mb4 COLLATE utf8mb4_unicode_ci NOT NULL,
  `identifier` varchar(191) CHARACTER SET utf8mb4 COLLATE utf8mb4_unicode_ci NOT NULL,
  `slug` varchar(191) CHARACTER SET utf8mb4 COLLATE utf8mb4_unicode_ci NOT NULL,
  `architect` varchar(255) CHARACTER SET utf8mb4 COLLATE utf8mb4_unicode_ci NOT NULL,
  `location` varchar(255) CHARACTER SET utf8mb4 COLLATE utf8mb4_unicode_ci NOT NULL,
  `date` date NOT NULL,
  `created_at` timestamp(0) NULL DEFAULT NULL,
  `updated_at` timestamp(0) NULL DEFAULT NULL,
  PRIMARY KEY (`id`) USING BTREE,
  UNIQUE INDEX `projects_identifier_unique`(`identifier`) USING BTREE,
  UNIQUE INDEX `projects_slug_unique`(`slug`) USING BTREE
) ENGINE = InnoDB AUTO_INCREMENT = 57 CHARACTER SET = utf8mb4 COLLATE = utf8mb4_unicode_ci ROW_FORMAT = Dynamic;

-- ----------------------------
-- Records of projects
-- ----------------------------
INSERT INTO `projects` VALUES (1, 'Beijing Garden Expo', '15b8582e4b735f', 'beijing-garden-expo', 'BAM', 'Beijing', '2017-06-07', '2018-08-28 17:14:12', '2018-08-28 17:15:30');
INSERT INTO `projects` VALUES (2, 'ARRI Beijing', '15b8582e4b8daa', 'arri-beijing', 'anySCALE', 'Beijing', '2014-10-30', '2018-08-28 17:14:12', '2018-08-28 17:15:42');
INSERT INTO `projects` VALUES (3, 'Audemars Piguet Exhibition Stand', '15b8582e4ba4d3', 'audemars-piguet-exhibition-stand', 'Audemars Piguet', 'Hong Kong', '2017-02-08', '2018-08-28 17:14:12', '2018-08-28 17:15:53');
INSERT INTO `projects` VALUES (4, 'Daxing Garden', '15b8582e4bc514', 'daxing-garden', 'BAM', 'Daxing', '2016-08-08', '2018-08-28 17:14:12', '2018-08-28 17:16:09');
INSERT INTO `projects` VALUES (5, 'Cloud Sculpture', '15b8582e4be9e6', 'cloud-sculpture', 'BAM', 'Kunming', '2016-03-19', '2018-08-28 17:14:12', '2018-08-28 17:16:25');
INSERT INTO `projects` VALUES (6, 'Milu Mall', '15b8582e4c040c', 'milu-mall', 'BAM', 'Beijing', '2016-05-11', '2018-08-28 17:14:12', '2018-08-28 17:16:42');
INSERT INTO `projects` VALUES (7, 'Zhongyu Plaza Digital Facade', '15b8582e4c1b57', 'zhongyu-plaza-digital-facade', 'BAM', 'Chongqing', '2016-04-17', '2018-08-28 17:14:12', '2018-08-28 17:16:56');
INSERT INTO `projects` VALUES (8, 'China Central Mall', '15b8582e4c34a6', 'china-central-mall', 'KPF', 'Beijing', '2015-01-21', '2018-08-28 17:14:12', '2018-08-28 17:17:18');
INSERT INTO `projects` VALUES (9, 'Bibo', '15b8582e4c4ac0', 'bibo', 'Substance', 'Hong Kong', '2014-06-22', '2018-08-28 17:14:12', '2018-08-28 17:17:32');
INSERT INTO `projects` VALUES (10, 'Seat Mockup Showroom', '15b8582e4c643e', 'seat-mockup-showroom', 'Metadesign', 'Beijing', '2011-10-11', '2018-08-28 17:14:12', '2018-08-28 17:17:49');
INSERT INTO `projects` VALUES (11, 'Beetle Popup', '15b8582e4c7a16', 'beetle-popup', 'Metadesign', 'Beijing', '2012-09-07', '2018-08-28 17:14:12', '2018-08-28 17:18:03');
INSERT INTO `projects` VALUES (12, 'Mercedes Me Caf', '15b8582e4c92ae', 'mercedes-me-cafe', 'MerzMerz+', 'Beijing', '2016-05-03', '2018-08-28 17:14:12', '2018-08-28 17:18:16');
INSERT INTO `projects` VALUES (13, 'Mercedes Me Bar and Restaurant', '15b8582e4ca8db', 'mercedes-me-bar-and-restaurant', 'MerzMerz+', 'Beijing', '2016-06-30', '2018-08-28 17:14:12', '2018-08-28 17:18:32');
INSERT INTO `projects` VALUES (14, 'Mercedes Me Showroom', '15b8582e4cc23c', 'mercedes-me-showroom', 'MerzMerz+', 'Beijing', '2016-05-03', '2018-08-28 17:14:12', '2018-08-28 17:18:53');
INSERT INTO `projects` VALUES (15, 'Boldton', '15b8582e4cd6ee', 'boldton', 'Nelson Chow', 'Beijing', '2013-10-08', '2018-08-28 17:14:12', '2018-08-28 17:19:07');
INSERT INTO `projects` VALUES (16, 'Pak Loh', '15b8582e4cf073', 'pak-loh', 'Nelson Chow', 'Hong Kong', '2014-02-05', '2018-08-28 17:14:12', '2018-08-28 17:19:30');
INSERT INTO `projects` VALUES (17, 'Dior', '15b8582e4d05ea', 'dior', 'Bureau Betak', 'Beijing', '2015-12-18', '2018-08-28 17:14:12', '2018-08-28 17:19:42');
INSERT INTO `projects` VALUES (18, 'Mercedes Daimler R&D Centre', '15b8582e4d1f6a', 'mercedes-daimler-rd-centre', 'anySCALE', 'Beijing', '2014-11-07', '2018-08-28 17:14:12', '2018-08-28 17:20:02');
INSERT INTO `projects` VALUES (19, 'Summa Show Flat', '15b8582e4d35a8', 'summa-show-flat', 'Nelson Chow', 'Hong Kong', '2014-01-04', '2018-08-28 17:14:12', '2018-08-28 17:20:24');
INSERT INTO `projects` VALUES (20, 'APM Cinema', '15b8582e4d4e6d', 'apm-cinema', 'OFT', 'Beijing', '2016-05-13', '2018-08-28 17:14:12', '2018-08-28 17:20:39');
INSERT INTO `projects` VALUES (21, 'Oriental Plaza', '15b8582e4d652e', 'oriental-plaza', 'OFT', 'Beijing', '2016-06-14', '2018-08-28 17:14:12', '2018-08-28 17:20:56');
INSERT INTO `projects` VALUES (22, 'Vanke Showroom', '15b8582e4d7fec', 'vanke-showroom', 'Parklex', 'Qingdao', '2011-12-04', '2018-08-28 17:14:12', '2018-08-28 17:21:17');
INSERT INTO `projects` VALUES (23, 'Vanke Showroom', '15b8582e4da5b6', 'vanke-showroom-1', 'Parklex', 'Tianjin', '2011-10-28', '2018-08-28 17:14:12', '2018-08-28 17:21:30');
INSERT INTO `projects` VALUES (24, 'Government office', '15b8582e4dbf82', 'government-office', 'Parklex', 'Beijing', '2012-02-16', '2018-08-28 17:14:12', '2018-08-28 17:21:44');
INSERT INTO `projects` VALUES (25, '798 Cinema', '15b8582e4dd517', '798-cinema', 'NAO', 'Beijing', '2016-12-27', '2018-08-28 17:14:12', '2018-08-28 17:21:57');
INSERT INTO `projects` VALUES (26, 'Legend', '15b8582e4deef5', 'legend', 'NAO', 'Beijing', '2016-07-16', '2018-08-28 17:14:12', '2018-08-28 17:22:14');
INSERT INTO `projects` VALUES (27, 'Green Tea House', '15b8582e4e04fc', 'green-tea-house', 'JinR', 'Beijing', '2014-09-26', '2018-08-28 17:14:12', '2018-08-28 17:25:53');
INSERT INTO `projects` VALUES (28, 'Temple Restaurant', '15b8582e4e1e13', 'temple-restaurant', 'Hassell', 'Beijing', '2014-09-24', '2018-08-28 17:14:12', '2018-08-28 17:26:12');
INSERT INTO `projects` VALUES (29, 'Okra', '15b8582e4e358b', 'okra', 'NAO', 'Beijing', '2014-09-25', '2018-08-28 17:14:12', '2018-08-28 17:26:25');
INSERT INTO `projects` VALUES (30, 'Wework Guanghua Lu', '15b8582e4e50e7', 'wework-guanghua-lu', 'Wework', 'Beijing', '2017-05-16', '2018-08-28 17:14:12', '2018-08-28 17:26:40');
INSERT INTO `projects` VALUES (31, 'Z-Park', '15b8582e4e6763', 'z-park', 'Woods Bagot', 'Beijing', '2016-05-09', '2018-08-28 17:14:12', '2018-08-28 17:26:55');
INSERT INTO `projects` VALUES (32, 'Yanai Foundation', '15b8582e4e80cc', 'yanai-foundation', 'Yanai', 'Haikou', '2012-09-10', '2018-08-28 17:14:12', '2018-08-28 17:27:09');
INSERT INTO `projects` VALUES (33, 'Yanai Foundation', '15b8582e4e999e', 'yanai-foundation-1', 'Yanai', 'Haikou', '2012-09-11', '2018-08-28 17:14:12', '2018-08-28 17:27:22');
INSERT INTO `projects` VALUES (34, 'Yanai Foundation', '15b8582e4eb850', 'yanai-foundation-2', 'Yanai', 'Sanya', '2012-09-12', '2018-08-28 17:14:12', '2018-08-28 17:27:34');
INSERT INTO `projects` VALUES (35, 'Yanai Foundation', '15b8582e4ed429', 'yanai-foundation-3', 'Yanai', 'Lingshui', '2013-01-09', '2018-08-28 17:14:12', '2018-08-28 17:27:51');
INSERT INTO `projects` VALUES (36, 'Yanai Foundation', '15b8582e4ef707', 'yanai-foundation-4', 'Yanai', 'Wuhan', '2013-01-15', '2018-08-28 17:14:12', '2018-08-28 17:28:43');
INSERT INTO `projects` VALUES (37, 'Yanai Foundation', '15b8582e4f15e8', 'yanai-foundation-5', 'Yanai', 'Jiangxi', '2013-02-01', '2018-08-28 17:14:12', '2018-08-28 17:28:57');
INSERT INTO `projects` VALUES (38, 'Central Plaza Mall Roof', '15b8582e4f2e10', 'central-plaza-mall-roof', 'Palram', 'Beijing', '2017-05-24', '2018-08-28 17:14:12', '2018-08-28 17:29:13');
INSERT INTO `projects` VALUES (39, 'Great Wall Vinyard', '15b8582e50018f', 'great-wall-vinyard', 'A+A', 'Yinchuan', '2015-09-12', '2018-08-28 17:14:13', '2018-08-28 17:29:29');
INSERT INTO `projects` VALUES (40, 'Digua Community', '15b8582e501a42', 'digua-community', 'Zhou Zishu', 'Beijing', '2016-03-02', '2018-08-28 17:14:13', '2018-08-28 17:29:42');
INSERT INTO `projects` VALUES (41, 'Creativo Mall', '15b8582e5030ea', 'creativo-mall', 'Cotefa', 'Tianjin', '2016-09-23', '2018-08-28 17:14:13', '2018-08-28 17:30:11');
INSERT INTO `projects` VALUES (42, 'Euroidea Showroom', '15b8582e504c48', 'euroidea-showroom', 'Chiasmus Partners', 'Beijing', '2016-12-10', '2018-08-28 17:14:13', '2018-08-28 17:30:25');
INSERT INTO `projects` VALUES (43, 'Mosto', '15b8582e5062f6', 'mosto', 'Coromoto', 'Beijing', '2015-10-10', '2018-08-28 17:14:13', '2018-08-28 17:30:42');
INSERT INTO `projects` VALUES (44, 'Palace Cinema', '15b8582e507d8b', 'palace-cinema', 'OFT', 'Dalian', '2016-06-15', '2018-08-28 17:14:13', '2018-08-28 17:30:59');
INSERT INTO `projects` VALUES (45, 'UA Cinema', '15b8582e5093ae', 'ua-cinema', 'OFT', 'Foshan', '2016-06-05', '2018-08-28 17:14:13', '2018-08-28 17:31:13');
INSERT INTO `projects` VALUES (46, 'Cinecity IMAX', '15b8582e50acc2', 'cinecity-imax', 'OFT', 'Shantou', '2016-06-07', '2018-08-28 17:14:13', '2018-08-28 17:31:25');
INSERT INTO `projects` VALUES (47, 'Stellar Int. IMAX', '15b8582e50c41c', 'stellar-int-imax', 'OFT', 'Shenzhen', '2016-06-07', '2018-08-28 17:14:13', '2018-08-28 17:31:40');
INSERT INTO `projects` VALUES (48, 'Vanke Showroom', '15b8582e50e53a', 'vanke-showroom-2', 'Parklex', 'Changchun', '2013-05-22', '2018-08-28 17:14:13', '2018-08-28 17:32:00');
INSERT INTO `projects` VALUES (49, 'Changchun Diesel Residental', '15b8582e50fb2b', 'changchun-diesel-residental', 'Chiasmus Partners', 'Changchun', '2013-12-15', '2018-08-28 17:14:13', '2018-08-28 17:32:14');
INSERT INTO `projects` VALUES (50, 'Chiasmus Diesel Factory', '15b8582e5113fb', 'chiasmus-diesel-factory', 'Chiasmus Partners', 'Changchun', '2013-12-15', '2018-08-28 17:14:13', '2018-08-28 17:32:27');
INSERT INTO `projects` VALUES (51, 'Flatwhite Cafe', '15b8582e5128d0', 'flatwhite-cafe', 'NAO', 'Beijing', '2016-05-21', '2018-08-28 17:14:13', '2018-08-28 17:32:40');
INSERT INTO `projects` VALUES (52, 'Hi Hi Hot Pot', '15b8582e514307', 'hi-hi-hot-pot', 'NAO', 'Beijing', '2015-10-11', '2018-08-28 17:14:13', '2018-08-28 17:32:52');
INSERT INTO `projects` VALUES (53, 'Vanke Ski Resort', '15b8582e515a3e', 'vanke-ski-resort', 'Woods Bagot', 'Beijing', '2014-10-14', '2018-08-28 17:14:13', '2018-08-28 17:33:08');
INSERT INTO `projects` VALUES (54, 'CCTV Building', '15b8582e5174af', 'cctv-building', 'OMA', 'Beijing', '2010-12-18', '2018-08-28 17:14:13', '2018-08-28 17:33:21');
INSERT INTO `projects` VALUES (55, 'Peaks A House', '15b8582e518aec', 'peaks-a-house', 'Most Architecture', 'London', '2018-04-19', '2018-08-28 17:14:13', '2018-08-28 17:33:42');
INSERT INTO `projects` VALUES (56, 'Fulham House', '15b8582e51a562', 'fulham-house', 'Private', 'London', '2018-05-01', '2018-08-28 17:14:13', '2018-08-28 17:34:00');

-- ----------------------------
-- Table structure for tags
-- ----------------------------
DROP TABLE IF EXISTS `tags`;
CREATE TABLE `tags`  (
  `id` int(10) UNSIGNED NOT NULL AUTO_INCREMENT,
  `name` varchar(255) CHARACTER SET utf8mb4 COLLATE utf8mb4_unicode_ci NOT NULL,
  `slug` varchar(191) CHARACTER SET utf8mb4 COLLATE utf8mb4_unicode_ci NOT NULL,
  `created_at` timestamp(0) NULL DEFAULT NULL,
  `updated_at` timestamp(0) NULL DEFAULT NULL,
  PRIMARY KEY (`id`) USING BTREE,
  UNIQUE INDEX `tags_slug_unique`(`slug`) USING BTREE
) ENGINE = InnoDB AUTO_INCREMENT = 9 CHARACTER SET = utf8mb4 COLLATE = utf8mb4_unicode_ci ROW_FORMAT = Dynamic;

-- ----------------------------
-- Records of tags
-- ----------------------------
INSERT INTO `tags` VALUES (1, 'Residential', 'residential', '2018-08-28 17:14:12', '2018-08-28 17:14:12');
INSERT INTO `tags` VALUES (2, 'Exterior', 'exterior', '2018-08-28 17:14:12', '2018-08-28 17:14:12');
INSERT INTO `tags` VALUES (3, 'Interior', 'interior', '2018-08-28 17:14:12', '2018-08-28 17:14:12');
INSERT INTO `tags` VALUES (4, 'Landscape', 'landscape', '2018-08-28 17:14:12', '2018-08-28 17:14:12');
INSERT INTO `tags` VALUES (5, 'Retail', 'retail', '2018-08-28 17:14:12', '2018-08-28 17:14:12');
INSERT INTO `tags` VALUES (6, 'Public', 'public', '2018-08-28 17:14:12', '2018-08-28 17:14:12');
INSERT INTO `tags` VALUES (7, 'Office', 'office', '2018-08-28 17:14:12', '2018-08-28 17:14:12');
INSERT INTO `tags` VALUES (8, 'F&B', 'fb', '2018-08-28 17:14:12', '2018-08-28 17:14:12');

-- ----------------------------
-- Table structure for users
-- ----------------------------
DROP TABLE IF EXISTS `users`;
CREATE TABLE `users`  (
  `id` int(10) UNSIGNED NOT NULL AUTO_INCREMENT,
  `name` varchar(255) CHARACTER SET utf8mb4 COLLATE utf8mb4_unicode_ci NOT NULL,
  `email` varchar(191) CHARACTER SET utf8mb4 COLLATE utf8mb4_unicode_ci NOT NULL,
  `password` varchar(255) CHARACTER SET utf8mb4 COLLATE utf8mb4_unicode_ci NOT NULL,
  `remember_token` varchar(100) CHARACTER SET utf8mb4 COLLATE utf8mb4_unicode_ci NULL DEFAULT NULL,
  `created_at` timestamp(0) NULL DEFAULT NULL,
  `updated_at` timestamp(0) NULL DEFAULT NULL,
  PRIMARY KEY (`id`) USING BTREE,
  UNIQUE INDEX `users_email_unique`(`email`) USING BTREE
) ENGINE = InnoDB AUTO_INCREMENT = 2 CHARACTER SET = utf8mb4 COLLATE = utf8mb4_unicode_ci ROW_FORMAT = Dynamic;

-- ----------------------------
-- Records of users
-- ----------------------------
INSERT INTO `users` VALUES (1, 'Miguel Cangueiro', 'test@domain.com', '$2y$10$UrpFebymDDzGwNw3xvzYFeqJymxkv3.lqx80Zc9Rf3KylrLNuKSEO', 'fTA8QYZufCktdbm3CdhR4l7wWapbM1IolTNJ5dHsj8uiw4K1X0toSDxpjrLz', '2018-08-28 17:14:12', '2018-08-28 17:14:12');

SET FOREIGN_KEY_CHECKS = 1;
